:: loading settings :: url = jar:file:/opt/spark/jars/ivy-2.5.1.jar!/org/apache/ivy/core/settings/ivysettings.xml
Ivy Default Cache set to: /home/spark/.ivy2/cache
The jars for the packages stored in: /home/spark/.ivy2/jars
org.apache.spark#spark-sql-kafka-0-10_2.12 added as a dependency
org.postgresql#postgresql added as a dependency
:: resolving dependencies :: org.apache.spark#spark-submit-parent-c41cf40f-dbc6-456f-b268-f8e0ddfe274a;1.0
	confs: [default]
	found org.apache.spark#spark-sql-kafka-0-10_2.12;3.5.0 in central
	found org.apache.spark#spark-token-provider-kafka-0-10_2.12;3.5.0 in central
	found org.apache.kafka#kafka-clients;3.4.1 in central
	found org.lz4#lz4-java;1.8.0 in central
	found org.xerial.snappy#snappy-java;1.1.10.3 in central
	found org.slf4j#slf4j-api;2.0.7 in central
	found org.apache.hadoop#hadoop-client-runtime;3.3.4 in central
	found org.apache.hadoop#hadoop-client-api;3.3.4 in central
	found commons-logging#commons-logging;1.1.3 in central
	found com.google.code.findbugs#jsr305;3.0.0 in central
	found org.apache.commons#commons-pool2;2.11.1 in central
	found org.postgresql#postgresql;42.6.0 in central
	found org.checkerframework#checker-qual;3.31.0 in central
:: resolution report :: resolve 1180ms :: artifacts dl 23ms
	:: modules in use:
	com.google.code.findbugs#jsr305;3.0.0 from central in [default]
	commons-logging#commons-logging;1.1.3 from central in [default]
	org.apache.commons#commons-pool2;2.11.1 from central in [default]
	org.apache.hadoop#hadoop-client-api;3.3.4 from central in [default]
	org.apache.hadoop#hadoop-client-runtime;3.3.4 from central in [default]
	org.apache.kafka#kafka-clients;3.4.1 from central in [default]
	org.apache.spark#spark-sql-kafka-0-10_2.12;3.5.0 from central in [default]
	org.apache.spark#spark-token-provider-kafka-0-10_2.12;3.5.0 from central in [default]
	org.checkerframework#checker-qual;3.31.0 from central in [default]
	org.lz4#lz4-java;1.8.0 from central in [default]
	org.postgresql#postgresql;42.6.0 from central in [default]
	org.slf4j#slf4j-api;2.0.7 from central in [default]
	org.xerial.snappy#snappy-java;1.1.10.3 from central in [default]
	---------------------------------------------------------------------
	|                  |            modules            ||   artifacts   |
	|       conf       | number| search|dwnlded|evicted|| number|dwnlded|
	---------------------------------------------------------------------
	|      default     |   13  |   0   |   0   |   0   ||   13  |   0   |
	---------------------------------------------------------------------
:: retrieving :: org.apache.spark#spark-submit-parent-c41cf40f-dbc6-456f-b268-f8e0ddfe274a
	confs: [default]
	0 artifacts copied, 13 already retrieved (0kB/31ms)
25/12/06 06:50:13 WARN NativeCodeLoader: Unable to load native-hadoop library for your platform... using builtin-java classes where applicable
25/12/06 06:50:14 INFO SparkContext: Running Spark version 3.5.0
25/12/06 06:50:14 INFO SparkContext: OS info Linux, 6.8.0-1030-azure, amd64
25/12/06 06:50:14 INFO SparkContext: Java version 11.0.20.1
25/12/06 06:50:14 INFO ResourceUtils: ==============================================================
25/12/06 06:50:14 INFO ResourceUtils: No custom resources configured for spark.driver.
25/12/06 06:50:14 INFO ResourceUtils: ==============================================================
25/12/06 06:50:14 INFO SparkContext: Submitted application: ClickstreamAnalytics
25/12/06 06:50:14 INFO ResourceProfile: Default ResourceProfile created, executor resources: Map(memory -> name: memory, amount: 1024, script: , vendor: , offHeap -> name: offHeap, amount: 0, script: , vendor: ), task resources: Map(cpus -> name: cpus, amount: 1.0)
25/12/06 06:50:14 INFO ResourceProfile: Limiting resource is cpu
25/12/06 06:50:14 INFO ResourceProfileManager: Added ResourceProfile id: 0
25/12/06 06:50:14 INFO SecurityManager: Changing view acls to: spark
25/12/06 06:50:14 INFO SecurityManager: Changing modify acls to: spark
25/12/06 06:50:14 INFO SecurityManager: Changing view acls groups to: 
25/12/06 06:50:14 INFO SecurityManager: Changing modify acls groups to: 
25/12/06 06:50:14 INFO SecurityManager: SecurityManager: authentication disabled; ui acls disabled; users with view permissions: spark; groups with view permissions: EMPTY; users with modify permissions: spark; groups with modify permissions: EMPTY
25/12/06 06:50:14 INFO Utils: Successfully started service 'sparkDriver' on port 33479.
25/12/06 06:50:15 INFO SparkEnv: Registering MapOutputTracker
25/12/06 06:50:15 INFO SparkEnv: Registering BlockManagerMaster
25/12/06 06:50:15 INFO BlockManagerMasterEndpoint: Using org.apache.spark.storage.DefaultTopologyMapper for getting topology information
25/12/06 06:50:15 INFO BlockManagerMasterEndpoint: BlockManagerMasterEndpoint up
25/12/06 06:50:15 INFO SparkEnv: Registering BlockManagerMasterHeartbeat
25/12/06 06:50:15 INFO DiskBlockManager: Created local directory at /tmp/blockmgr-fedb804a-178a-4182-b6a5-12dc311a912a
25/12/06 06:50:15 INFO MemoryStore: MemoryStore started with capacity 434.4 MiB
25/12/06 06:50:15 INFO SparkEnv: Registering OutputCommitCoordinator
25/12/06 06:50:15 INFO JettyUtils: Start Jetty 0.0.0.0:4040 for SparkUI
25/12/06 06:50:15 INFO Utils: Successfully started service 'SparkUI' on port 4040.
25/12/06 06:50:15 INFO SparkContext: Added JAR file:///home/spark/.ivy2/jars/org.apache.spark_spark-sql-kafka-0-10_2.12-3.5.0.jar at spark://55ae5e9f08f1:33479/jars/org.apache.spark_spark-sql-kafka-0-10_2.12-3.5.0.jar with timestamp 1765003814279
25/12/06 06:50:15 INFO SparkContext: Added JAR file:///home/spark/.ivy2/jars/org.postgresql_postgresql-42.6.0.jar at spark://55ae5e9f08f1:33479/jars/org.postgresql_postgresql-42.6.0.jar with timestamp 1765003814279
25/12/06 06:50:15 INFO SparkContext: Added JAR file:///home/spark/.ivy2/jars/org.apache.spark_spark-token-provider-kafka-0-10_2.12-3.5.0.jar at spark://55ae5e9f08f1:33479/jars/org.apache.spark_spark-token-provider-kafka-0-10_2.12-3.5.0.jar with timestamp 1765003814279
25/12/06 06:50:15 INFO SparkContext: Added JAR file:///home/spark/.ivy2/jars/org.apache.kafka_kafka-clients-3.4.1.jar at spark://55ae5e9f08f1:33479/jars/org.apache.kafka_kafka-clients-3.4.1.jar with timestamp 1765003814279
25/12/06 06:50:15 INFO SparkContext: Added JAR file:///home/spark/.ivy2/jars/com.google.code.findbugs_jsr305-3.0.0.jar at spark://55ae5e9f08f1:33479/jars/com.google.code.findbugs_jsr305-3.0.0.jar with timestamp 1765003814279
25/12/06 06:50:15 INFO SparkContext: Added JAR file:///home/spark/.ivy2/jars/org.apache.commons_commons-pool2-2.11.1.jar at spark://55ae5e9f08f1:33479/jars/org.apache.commons_commons-pool2-2.11.1.jar with timestamp 1765003814279
25/12/06 06:50:15 INFO SparkContext: Added JAR file:///home/spark/.ivy2/jars/org.apache.hadoop_hadoop-client-runtime-3.3.4.jar at spark://55ae5e9f08f1:33479/jars/org.apache.hadoop_hadoop-client-runtime-3.3.4.jar with timestamp 1765003814279
25/12/06 06:50:15 INFO SparkContext: Added JAR file:///home/spark/.ivy2/jars/org.lz4_lz4-java-1.8.0.jar at spark://55ae5e9f08f1:33479/jars/org.lz4_lz4-java-1.8.0.jar with timestamp 1765003814279
25/12/06 06:50:15 INFO SparkContext: Added JAR file:///home/spark/.ivy2/jars/org.xerial.snappy_snappy-java-1.1.10.3.jar at spark://55ae5e9f08f1:33479/jars/org.xerial.snappy_snappy-java-1.1.10.3.jar with timestamp 1765003814279
25/12/06 06:50:15 INFO SparkContext: Added JAR file:///home/spark/.ivy2/jars/org.slf4j_slf4j-api-2.0.7.jar at spark://55ae5e9f08f1:33479/jars/org.slf4j_slf4j-api-2.0.7.jar with timestamp 1765003814279
25/12/06 06:50:15 INFO SparkContext: Added JAR file:///home/spark/.ivy2/jars/org.apache.hadoop_hadoop-client-api-3.3.4.jar at spark://55ae5e9f08f1:33479/jars/org.apache.hadoop_hadoop-client-api-3.3.4.jar with timestamp 1765003814279
25/12/06 06:50:15 INFO SparkContext: Added JAR file:///home/spark/.ivy2/jars/commons-logging_commons-logging-1.1.3.jar at spark://55ae5e9f08f1:33479/jars/commons-logging_commons-logging-1.1.3.jar with timestamp 1765003814279
25/12/06 06:50:15 INFO SparkContext: Added JAR file:///home/spark/.ivy2/jars/org.checkerframework_checker-qual-3.31.0.jar at spark://55ae5e9f08f1:33479/jars/org.checkerframework_checker-qual-3.31.0.jar with timestamp 1765003814279
25/12/06 06:50:15 INFO SparkContext: Added file file:///home/spark/.ivy2/jars/org.apache.spark_spark-sql-kafka-0-10_2.12-3.5.0.jar at spark://55ae5e9f08f1:33479/files/org.apache.spark_spark-sql-kafka-0-10_2.12-3.5.0.jar with timestamp 1765003814279
25/12/06 06:50:15 INFO Utils: Copying /home/spark/.ivy2/jars/org.apache.spark_spark-sql-kafka-0-10_2.12-3.5.0.jar to /tmp/spark-4da4a93a-e128-4db7-926a-162e1e09541b/userFiles-e64eabfb-6005-4497-86b5-0c71c178c460/org.apache.spark_spark-sql-kafka-0-10_2.12-3.5.0.jar
25/12/06 06:50:16 INFO SparkContext: Added file file:///home/spark/.ivy2/jars/org.postgresql_postgresql-42.6.0.jar at spark://55ae5e9f08f1:33479/files/org.postgresql_postgresql-42.6.0.jar with timestamp 1765003814279
25/12/06 06:50:16 INFO Utils: Copying /home/spark/.ivy2/jars/org.postgresql_postgresql-42.6.0.jar to /tmp/spark-4da4a93a-e128-4db7-926a-162e1e09541b/userFiles-e64eabfb-6005-4497-86b5-0c71c178c460/org.postgresql_postgresql-42.6.0.jar
25/12/06 06:50:16 INFO SparkContext: Added file file:///home/spark/.ivy2/jars/org.apache.spark_spark-token-provider-kafka-0-10_2.12-3.5.0.jar at spark://55ae5e9f08f1:33479/files/org.apache.spark_spark-token-provider-kafka-0-10_2.12-3.5.0.jar with timestamp 1765003814279
25/12/06 06:50:16 INFO Utils: Copying /home/spark/.ivy2/jars/org.apache.spark_spark-token-provider-kafka-0-10_2.12-3.5.0.jar to /tmp/spark-4da4a93a-e128-4db7-926a-162e1e09541b/userFiles-e64eabfb-6005-4497-86b5-0c71c178c460/org.apache.spark_spark-token-provider-kafka-0-10_2.12-3.5.0.jar
25/12/06 06:50:16 INFO SparkContext: Added file file:///home/spark/.ivy2/jars/org.apache.kafka_kafka-clients-3.4.1.jar at spark://55ae5e9f08f1:33479/files/org.apache.kafka_kafka-clients-3.4.1.jar with timestamp 1765003814279
25/12/06 06:50:16 INFO Utils: Copying /home/spark/.ivy2/jars/org.apache.kafka_kafka-clients-3.4.1.jar to /tmp/spark-4da4a93a-e128-4db7-926a-162e1e09541b/userFiles-e64eabfb-6005-4497-86b5-0c71c178c460/org.apache.kafka_kafka-clients-3.4.1.jar
25/12/06 06:50:16 INFO SparkContext: Added file file:///home/spark/.ivy2/jars/com.google.code.findbugs_jsr305-3.0.0.jar at spark://55ae5e9f08f1:33479/files/com.google.code.findbugs_jsr305-3.0.0.jar with timestamp 1765003814279
25/12/06 06:50:16 INFO Utils: Copying /home/spark/.ivy2/jars/com.google.code.findbugs_jsr305-3.0.0.jar to /tmp/spark-4da4a93a-e128-4db7-926a-162e1e09541b/userFiles-e64eabfb-6005-4497-86b5-0c71c178c460/com.google.code.findbugs_jsr305-3.0.0.jar
25/12/06 06:50:16 INFO SparkContext: Added file file:///home/spark/.ivy2/jars/org.apache.commons_commons-pool2-2.11.1.jar at spark://55ae5e9f08f1:33479/files/org.apache.commons_commons-pool2-2.11.1.jar with timestamp 1765003814279
25/12/06 06:50:16 INFO Utils: Copying /home/spark/.ivy2/jars/org.apache.commons_commons-pool2-2.11.1.jar to /tmp/spark-4da4a93a-e128-4db7-926a-162e1e09541b/userFiles-e64eabfb-6005-4497-86b5-0c71c178c460/org.apache.commons_commons-pool2-2.11.1.jar
25/12/06 06:50:16 INFO SparkContext: Added file file:///home/spark/.ivy2/jars/org.apache.hadoop_hadoop-client-runtime-3.3.4.jar at spark://55ae5e9f08f1:33479/files/org.apache.hadoop_hadoop-client-runtime-3.3.4.jar with timestamp 1765003814279
25/12/06 06:50:16 INFO Utils: Copying /home/spark/.ivy2/jars/org.apache.hadoop_hadoop-client-runtime-3.3.4.jar to /tmp/spark-4da4a93a-e128-4db7-926a-162e1e09541b/userFiles-e64eabfb-6005-4497-86b5-0c71c178c460/org.apache.hadoop_hadoop-client-runtime-3.3.4.jar
25/12/06 06:50:16 INFO SparkContext: Added file file:///home/spark/.ivy2/jars/org.lz4_lz4-java-1.8.0.jar at spark://55ae5e9f08f1:33479/files/org.lz4_lz4-java-1.8.0.jar with timestamp 1765003814279
25/12/06 06:50:16 INFO Utils: Copying /home/spark/.ivy2/jars/org.lz4_lz4-java-1.8.0.jar to /tmp/spark-4da4a93a-e128-4db7-926a-162e1e09541b/userFiles-e64eabfb-6005-4497-86b5-0c71c178c460/org.lz4_lz4-java-1.8.0.jar
25/12/06 06:50:16 INFO SparkContext: Added file file:///home/spark/.ivy2/jars/org.xerial.snappy_snappy-java-1.1.10.3.jar at spark://55ae5e9f08f1:33479/files/org.xerial.snappy_snappy-java-1.1.10.3.jar with timestamp 1765003814279
25/12/06 06:50:16 INFO Utils: Copying /home/spark/.ivy2/jars/org.xerial.snappy_snappy-java-1.1.10.3.jar to /tmp/spark-4da4a93a-e128-4db7-926a-162e1e09541b/userFiles-e64eabfb-6005-4497-86b5-0c71c178c460/org.xerial.snappy_snappy-java-1.1.10.3.jar
25/12/06 06:50:16 INFO SparkContext: Added file file:///home/spark/.ivy2/jars/org.slf4j_slf4j-api-2.0.7.jar at spark://55ae5e9f08f1:33479/files/org.slf4j_slf4j-api-2.0.7.jar with timestamp 1765003814279
25/12/06 06:50:16 INFO Utils: Copying /home/spark/.ivy2/jars/org.slf4j_slf4j-api-2.0.7.jar to /tmp/spark-4da4a93a-e128-4db7-926a-162e1e09541b/userFiles-e64eabfb-6005-4497-86b5-0c71c178c460/org.slf4j_slf4j-api-2.0.7.jar
25/12/06 06:50:16 INFO SparkContext: Added file file:///home/spark/.ivy2/jars/org.apache.hadoop_hadoop-client-api-3.3.4.jar at spark://55ae5e9f08f1:33479/files/org.apache.hadoop_hadoop-client-api-3.3.4.jar with timestamp 1765003814279
25/12/06 06:50:16 INFO Utils: Copying /home/spark/.ivy2/jars/org.apache.hadoop_hadoop-client-api-3.3.4.jar to /tmp/spark-4da4a93a-e128-4db7-926a-162e1e09541b/userFiles-e64eabfb-6005-4497-86b5-0c71c178c460/org.apache.hadoop_hadoop-client-api-3.3.4.jar
25/12/06 06:50:16 INFO SparkContext: Added file file:///home/spark/.ivy2/jars/commons-logging_commons-logging-1.1.3.jar at spark://55ae5e9f08f1:33479/files/commons-logging_commons-logging-1.1.3.jar with timestamp 1765003814279
25/12/06 06:50:16 INFO Utils: Copying /home/spark/.ivy2/jars/commons-logging_commons-logging-1.1.3.jar to /tmp/spark-4da4a93a-e128-4db7-926a-162e1e09541b/userFiles-e64eabfb-6005-4497-86b5-0c71c178c460/commons-logging_commons-logging-1.1.3.jar
25/12/06 06:50:16 INFO SparkContext: Added file file:///home/spark/.ivy2/jars/org.checkerframework_checker-qual-3.31.0.jar at spark://55ae5e9f08f1:33479/files/org.checkerframework_checker-qual-3.31.0.jar with timestamp 1765003814279
25/12/06 06:50:16 INFO Utils: Copying /home/spark/.ivy2/jars/org.checkerframework_checker-qual-3.31.0.jar to /tmp/spark-4da4a93a-e128-4db7-926a-162e1e09541b/userFiles-e64eabfb-6005-4497-86b5-0c71c178c460/org.checkerframework_checker-qual-3.31.0.jar
25/12/06 06:50:16 INFO StandaloneAppClient$ClientEndpoint: Connecting to master spark://spark-master:7077...
25/12/06 06:50:16 INFO TransportClientFactory: Successfully created connection to spark-master/172.18.0.2:7077 after 54 ms (0 ms spent in bootstraps)
25/12/06 06:50:16 INFO StandaloneSchedulerBackend: Connected to Spark cluster with app ID app-20251206065016-0001
25/12/06 06:50:16 INFO StandaloneAppClient$ClientEndpoint: Executor added: app-20251206065016-0001/0 on worker-20251206062252-172.18.0.5-44665 (172.18.0.5:44665) with 1 core(s)
25/12/06 06:50:16 INFO StandaloneSchedulerBackend: Granted executor ID app-20251206065016-0001/0 on hostPort 172.18.0.5:44665 with 1 core(s), 1024.0 MiB RAM
25/12/06 06:50:16 INFO Utils: Successfully started service 'org.apache.spark.network.netty.NettyBlockTransferService' on port 34463.
25/12/06 06:50:16 INFO NettyBlockTransferService: Server created on 55ae5e9f08f1:34463
25/12/06 06:50:16 INFO BlockManager: Using org.apache.spark.storage.RandomBlockReplicationPolicy for block replication policy
25/12/06 06:50:17 INFO BlockManagerMaster: Registering BlockManager BlockManagerId(driver, 55ae5e9f08f1, 34463, None)
25/12/06 06:50:17 INFO BlockManagerMasterEndpoint: Registering block manager 55ae5e9f08f1:34463 with 434.4 MiB RAM, BlockManagerId(driver, 55ae5e9f08f1, 34463, None)
25/12/06 06:50:17 INFO BlockManagerMaster: Registered BlockManager BlockManagerId(driver, 55ae5e9f08f1, 34463, None)
25/12/06 06:50:17 INFO BlockManager: Initialized BlockManager: BlockManagerId(driver, 55ae5e9f08f1, 34463, None)
25/12/06 06:50:17 INFO StandaloneAppClient$ClientEndpoint: Executor updated: app-20251206065016-0001/0 is now RUNNING
25/12/06 06:50:17 INFO StandaloneSchedulerBackend: SchedulerBackend is ready for scheduling beginning after reached minRegisteredResourcesRatio: 0.0
25/12/06 06:50:24 WARN ResolveWriteToStream: Temporary checkpoint location created which is deleted normally when the query didn't fail: /tmp/temporary-8cdc6a09-fd5b-469c-8a88-ef78bf86ee63. If it's required to delete it under any circumstances, please set spark.sql.streaming.forceDeleteTempCheckpointLocation to true. Important to know deleting temp checkpoint folder is best effort.
25/12/06 06:50:24 WARN ResolveWriteToStream: spark.sql.adaptive.enabled is not supported in streaming DataFrames/Datasets and will be disabled.
25/12/06 06:50:25 WARN ResolveWriteToStream: Temporary checkpoint location created which is deleted normally when the query didn't fail: /tmp/temporary-b3d7cc92-f0c7-48a2-bb50-1c41eeaeea49. If it's required to delete it under any circumstances, please set spark.sql.streaming.forceDeleteTempCheckpointLocation to true. Important to know deleting temp checkpoint folder is best effort.
25/12/06 06:50:25 WARN ResolveWriteToStream: spark.sql.adaptive.enabled is not supported in streaming DataFrames/Datasets and will be disabled.
25/12/06 06:50:26 WARN AdminClientConfig: These configurations '[key.deserializer, value.deserializer, enable.auto.commit, max.poll.records, auto.offset.reset]' were supplied but are not used yet.
25/12/06 06:50:26 WARN AdminClientConfig: These configurations '[key.deserializer, value.deserializer, enable.auto.commit, max.poll.records, auto.offset.reset]' were supplied but are not used yet.
Successfully wrote batch 0 to activity_logs
Successfully wrote batch 1 to activity_logs
Error writing stats to Postgres: Can't get JDBC type for struct<start:timestamp,end:timestamp>.
Successfully wrote batch 2 to activity_logs
Successfully wrote batch 3 to activity_logs
Successfully wrote batch 4 to activity_logs
Error writing stats to Postgres: Can't get JDBC type for struct<start:timestamp,end:timestamp>.
Successfully wrote batch 5 to activity_logs
Successfully wrote batch 6 to activity_logs
Successfully wrote batch 7 to activity_logs
Error writing stats to Postgres: Can't get JDBC type for struct<start:timestamp,end:timestamp>.
Successfully wrote batch 8 to activity_logs
Successfully wrote batch 9 to activity_logs
Successfully wrote batch 10 to activity_logs
Successfully wrote batch 11 to activity_logs
Error writing stats to Postgres: Can't get JDBC type for struct<start:timestamp,end:timestamp>.
Successfully wrote batch 12 to activity_logs
Successfully wrote batch 13 to activity_logs
Successfully wrote batch 14 to activity_logs
Error writing stats to Postgres: Can't get JDBC type for struct<start:timestamp,end:timestamp>.
Successfully wrote batch 15 to activity_logs
Successfully wrote batch 16 to activity_logs
Successfully wrote batch 17 to activity_logs
Successfully wrote batch 18 to activity_logs
Error writing stats to Postgres: Can't get JDBC type for struct<start:timestamp,end:timestamp>.
Successfully wrote batch 19 to activity_logs
Successfully wrote batch 20 to activity_logs
Successfully wrote batch 21 to activity_logs
Successfully wrote batch 22 to activity_logs
Error writing stats to Postgres: Can't get JDBC type for struct<start:timestamp,end:timestamp>.
Successfully wrote batch 23 to activity_logs
Successfully wrote batch 24 to activity_logs
Successfully wrote batch 25 to activity_logs
Successfully wrote batch 26 to activity_logs
Error writing stats to Postgres: Can't get JDBC type for struct<start:timestamp,end:timestamp>.
Successfully wrote batch 27 to activity_logs
Successfully wrote batch 28 to activity_logs
Successfully wrote batch 29 to activity_logs
Error writing stats to Postgres: Can't get JDBC type for struct<start:timestamp,end:timestamp>.
Successfully wrote batch 30 to activity_logs
Successfully wrote batch 31 to activity_logs
Successfully wrote batch 32 to activity_logs
Successfully wrote batch 33 to activity_logs
Error writing stats to Postgres: Can't get JDBC type for struct<start:timestamp,end:timestamp>.
Successfully wrote batch 34 to activity_logs
Successfully wrote batch 35 to activity_logs
Successfully wrote batch 36 to activity_logs
Error writing stats to Postgres: Can't get JDBC type for struct<start:timestamp,end:timestamp>.
Successfully wrote batch 37 to activity_logs
Successfully wrote batch 38 to activity_logs
Successfully wrote batch 39 to activity_logs
Error writing stats to Postgres: Can't get JDBC type for struct<start:timestamp,end:timestamp>.
Successfully wrote batch 40 to activity_logs
Successfully wrote batch 41 to activity_logs
Successfully wrote batch 42 to activity_logs
Successfully wrote batch 43 to activity_logs
Error writing stats to Postgres: Can't get JDBC type for struct<start:timestamp,end:timestamp>.
Successfully wrote batch 44 to activity_logs
Successfully wrote batch 45 to activity_logs
Successfully wrote batch 46 to activity_logs
Error writing stats to Postgres: Can't get JDBC type for struct<start:timestamp,end:timestamp>.
Successfully wrote batch 47 to activity_logs
Successfully wrote batch 48 to activity_logs
Successfully wrote batch 49 to activity_logs
Successfully wrote batch 50 to activity_logs
Error writing stats to Postgres: Can't get JDBC type for struct<start:timestamp,end:timestamp>.
Successfully wrote batch 51 to activity_logs
Successfully wrote batch 52 to activity_logs
Successfully wrote batch 53 to activity_logs
Error writing stats to Postgres: Can't get JDBC type for struct<start:timestamp,end:timestamp>.
Successfully wrote batch 54 to activity_logs
Successfully wrote batch 55 to activity_logs
Successfully wrote batch 56 to activity_logs
Successfully wrote batch 57 to activity_logs
Error writing stats to Postgres: Can't get JDBC type for struct<start:timestamp,end:timestamp>.
Successfully wrote batch 58 to activity_logs
Successfully wrote batch 59 to activity_logs
Successfully wrote batch 60 to activity_logs
Error writing stats to Postgres: Can't get JDBC type for struct<start:timestamp,end:timestamp>.
Successfully wrote batch 61 to activity_logs
Successfully wrote batch 62 to activity_logs
Successfully wrote batch 63 to activity_logs
Successfully wrote batch 64 to activity_logs
Error writing stats to Postgres: Can't get JDBC type for struct<start:timestamp,end:timestamp>.
Successfully wrote batch 65 to activity_logs
Successfully wrote batch 66 to activity_logs
Successfully wrote batch 67 to activity_logs
Successfully wrote batch 68 to activity_logs
Error writing stats to Postgres: Can't get JDBC type for struct<start:timestamp,end:timestamp>.
Successfully wrote batch 69 to activity_logs
Successfully wrote batch 70 to activity_logs
Successfully wrote batch 71 to activity_logs
Successfully wrote batch 72 to activity_logs
Error writing stats to Postgres: Can't get JDBC type for struct<start:timestamp,end:timestamp>.
Successfully wrote batch 73 to activity_logs
Successfully wrote batch 74 to activity_logs
Successfully wrote batch 75 to activity_logs
Error writing stats to Postgres: Can't get JDBC type for struct<start:timestamp,end:timestamp>.
Successfully wrote batch 76 to activity_logs
Successfully wrote batch 77 to activity_logs
Successfully wrote batch 78 to activity_logs
Error writing stats to Postgres: Can't get JDBC type for struct<start:timestamp,end:timestamp>.
Successfully wrote batch 79 to activity_logs
Successfully wrote batch 80 to activity_logs
Successfully wrote batch 81 to activity_logs
Successfully wrote batch 82 to activity_logs
Error writing stats to Postgres: Can't get JDBC type for struct<start:timestamp,end:timestamp>.
Successfully wrote batch 83 to activity_logs
Successfully wrote batch 84 to activity_logs
Successfully wrote batch 85 to activity_logs
Error writing stats to Postgres: Can't get JDBC type for struct<start:timestamp,end:timestamp>.
Successfully wrote batch 86 to activity_logs
Successfully wrote batch 87 to activity_logs
Successfully wrote batch 88 to activity_logs
Successfully wrote batch 89 to activity_logs
Error writing stats to Postgres: Can't get JDBC type for struct<start:timestamp,end:timestamp>.
Successfully wrote batch 90 to activity_logs
Successfully wrote batch 91 to activity_logs
Successfully wrote batch 92 to activity_logs
Error writing stats to Postgres: Can't get JDBC type for struct<start:timestamp,end:timestamp>.
Successfully wrote batch 93 to activity_logs
Successfully wrote batch 94 to activity_logs
Successfully wrote batch 95 to activity_logs
Successfully wrote batch 96 to activity_logs
Error writing stats to Postgres: Can't get JDBC type for struct<start:timestamp,end:timestamp>.
Successfully wrote batch 97 to activity_logs
Successfully wrote batch 98 to activity_logs
Successfully wrote batch 99 to activity_logs
Successfully wrote batch 100 to activity_logs
Error writing stats to Postgres: Can't get JDBC type for struct<start:timestamp,end:timestamp>.
Successfully wrote batch 101 to activity_logs
Successfully wrote batch 102 to activity_logs
Successfully wrote batch 103 to activity_logs
Error writing stats to Postgres: Can't get JDBC type for struct<start:timestamp,end:timestamp>.
Successfully wrote batch 104 to activity_logs
Successfully wrote batch 105 to activity_logs
Successfully wrote batch 106 to activity_logs
Error writing stats to Postgres: Can't get JDBC type for struct<start:timestamp,end:timestamp>.
Successfully wrote batch 107 to activity_logs
Successfully wrote batch 108 to activity_logs
Successfully wrote batch 109 to activity_logs
Error writing stats to Postgres: Can't get JDBC type for struct<start:timestamp,end:timestamp>.
Successfully wrote batch 110 to activity_logs
Successfully wrote batch 111 to activity_logs
Successfully wrote batch 112 to activity_logs
Error writing stats to Postgres: Can't get JDBC type for struct<start:timestamp,end:timestamp>.
Successfully wrote batch 113 to activity_logs
Successfully wrote batch 114 to activity_logs
Successfully wrote batch 115 to activity_logs
Successfully wrote batch 116 to activity_logs
Error writing stats to Postgres: Can't get JDBC type for struct<start:timestamp,end:timestamp>.
Successfully wrote batch 117 to activity_logs
Successfully wrote batch 118 to activity_logs
Successfully wrote batch 119 to activity_logs
Error writing stats to Postgres: Can't get JDBC type for struct<start:timestamp,end:timestamp>.
Successfully wrote batch 120 to activity_logs
Successfully wrote batch 121 to activity_logs
Successfully wrote batch 122 to activity_logs
Error writing stats to Postgres: Can't get JDBC type for struct<start:timestamp,end:timestamp>.
Successfully wrote batch 123 to activity_logs
Successfully wrote batch 124 to activity_logs
Successfully wrote batch 125 to activity_logs
Successfully wrote batch 126 to activity_logs
Error writing stats to Postgres: Can't get JDBC type for struct<start:timestamp,end:timestamp>.
Successfully wrote batch 127 to activity_logs
Successfully wrote batch 128 to activity_logs
Successfully wrote batch 129 to activity_logs
Error writing stats to Postgres: Can't get JDBC type for struct<start:timestamp,end:timestamp>.
Successfully wrote batch 130 to activity_logs
Successfully wrote batch 131 to activity_logs
Successfully wrote batch 132 to activity_logs
Successfully wrote batch 133 to activity_logs
Error writing stats to Postgres: Can't get JDBC type for struct<start:timestamp,end:timestamp>.
Successfully wrote batch 134 to activity_logs
Successfully wrote batch 135 to activity_logs
Successfully wrote batch 136 to activity_logs
Successfully wrote batch 137 to activity_logs
Error writing stats to Postgres: Can't get JDBC type for struct<start:timestamp,end:timestamp>.
Successfully wrote batch 138 to activity_logs
Successfully wrote batch 139 to activity_logs
Successfully wrote batch 140 to activity_logs
Error writing stats to Postgres: Can't get JDBC type for struct<start:timestamp,end:timestamp>.
Successfully wrote batch 141 to activity_logs
Successfully wrote batch 142 to activity_logs
Successfully wrote batch 143 to activity_logs
Error writing stats to Postgres: Can't get JDBC type for struct<start:timestamp,end:timestamp>.
Successfully wrote batch 144 to activity_logs
Successfully wrote batch 145 to activity_logs
Successfully wrote batch 146 to activity_logs
Error writing stats to Postgres: Can't get JDBC type for struct<start:timestamp,end:timestamp>.
Successfully wrote batch 147 to activity_logs
Successfully wrote batch 148 to activity_logs
Successfully wrote batch 149 to activity_logs
Error writing stats to Postgres: Can't get JDBC type for struct<start:timestamp,end:timestamp>.
Successfully wrote batch 150 to activity_logs
Successfully wrote batch 151 to activity_logs
Successfully wrote batch 152 to activity_logs
Error writing stats to Postgres: Can't get JDBC type for struct<start:timestamp,end:timestamp>.
Successfully wrote batch 153 to activity_logs
Successfully wrote batch 154 to activity_logs
Successfully wrote batch 155 to activity_logs
Error writing stats to Postgres: Can't get JDBC type for struct<start:timestamp,end:timestamp>.
Successfully wrote batch 156 to activity_logs
Successfully wrote batch 157 to activity_logs
Successfully wrote batch 158 to activity_logs
Error writing stats to Postgres: Can't get JDBC type for struct<start:timestamp,end:timestamp>.
Successfully wrote batch 159 to activity_logs
Successfully wrote batch 160 to activity_logs
Successfully wrote batch 161 to activity_logs
Error writing stats to Postgres: Can't get JDBC type for struct<start:timestamp,end:timestamp>.
Successfully wrote batch 162 to activity_logs
Successfully wrote batch 163 to activity_logs
Successfully wrote batch 164 to activity_logs
Error writing stats to Postgres: Can't get JDBC type for struct<start:timestamp,end:timestamp>.
Successfully wrote batch 165 to activity_logs
Successfully wrote batch 166 to activity_logs
Successfully wrote batch 167 to activity_logs
Error writing stats to Postgres: Can't get JDBC type for struct<start:timestamp,end:timestamp>.
Successfully wrote batch 168 to activity_logs
Successfully wrote batch 169 to activity_logs
Successfully wrote batch 170 to activity_logs
Error writing stats to Postgres: Can't get JDBC type for struct<start:timestamp,end:timestamp>.
Successfully wrote batch 171 to activity_logs
Successfully wrote batch 172 to activity_logs
Successfully wrote batch 173 to activity_logs
Error writing stats to Postgres: Can't get JDBC type for struct<start:timestamp,end:timestamp>.
Successfully wrote batch 174 to activity_logs
Successfully wrote batch 175 to activity_logs
Successfully wrote batch 176 to activity_logs
Error writing stats to Postgres: Can't get JDBC type for struct<start:timestamp,end:timestamp>.
Successfully wrote batch 177 to activity_logs
Successfully wrote batch 178 to activity_logs
Successfully wrote batch 179 to activity_logs
Error writing stats to Postgres: Can't get JDBC type for struct<start:timestamp,end:timestamp>.
Successfully wrote batch 180 to activity_logs
Successfully wrote batch 181 to activity_logs
Successfully wrote batch 182 to activity_logs
Error writing stats to Postgres: Can't get JDBC type for struct<start:timestamp,end:timestamp>.
Successfully wrote batch 183 to activity_logs
Successfully wrote batch 184 to activity_logs
Successfully wrote batch 185 to activity_logs
Successfully wrote batch 186 to activity_logs
Error writing stats to Postgres: Can't get JDBC type for struct<start:timestamp,end:timestamp>.
Successfully wrote batch 187 to activity_logs
Successfully wrote batch 188 to activity_logs
Successfully wrote batch 189 to activity_logs
Error writing stats to Postgres: Can't get JDBC type for struct<start:timestamp,end:timestamp>.
Successfully wrote batch 190 to activity_logs
Successfully wrote batch 191 to activity_logs
Successfully wrote batch 192 to activity_logs
Error writing stats to Postgres: Can't get JDBC type for struct<start:timestamp,end:timestamp>.
Successfully wrote batch 193 to activity_logs
Successfully wrote batch 194 to activity_logs
Successfully wrote batch 195 to activity_logs
Error writing stats to Postgres: Can't get JDBC type for struct<start:timestamp,end:timestamp>.
Successfully wrote batch 196 to activity_logs
Successfully wrote batch 197 to activity_logs
Successfully wrote batch 198 to activity_logs
Error writing stats to Postgres: Can't get JDBC type for struct<start:timestamp,end:timestamp>.
Successfully wrote batch 199 to activity_logs
Successfully wrote batch 200 to activity_logs
Successfully wrote batch 201 to activity_logs
Successfully wrote batch 202 to activity_logs
Error writing stats to Postgres: Can't get JDBC type for struct<start:timestamp,end:timestamp>.
Successfully wrote batch 203 to activity_logs
Successfully wrote batch 204 to activity_logs
Successfully wrote batch 205 to activity_logs
Error writing stats to Postgres: Can't get JDBC type for struct<start:timestamp,end:timestamp>.
Successfully wrote batch 206 to activity_logs
Successfully wrote batch 207 to activity_logs
Successfully wrote batch 208 to activity_logs
Error writing stats to Postgres: Can't get JDBC type for struct<start:timestamp,end:timestamp>.
Successfully wrote batch 209 to activity_logs
Successfully wrote batch 210 to activity_logs
Successfully wrote batch 211 to activity_logs
Error writing stats to Postgres: Can't get JDBC type for struct<start:timestamp,end:timestamp>.
Successfully wrote batch 212 to activity_logs
Successfully wrote batch 213 to activity_logs
Successfully wrote batch 214 to activity_logs
Error writing stats to Postgres: Can't get JDBC type for struct<start:timestamp,end:timestamp>.
Successfully wrote batch 215 to activity_logs
Successfully wrote batch 216 to activity_logs
Successfully wrote batch 217 to activity_logs
Error writing stats to Postgres: Can't get JDBC type for struct<start:timestamp,end:timestamp>.
Successfully wrote batch 218 to activity_logs
Successfully wrote batch 219 to activity_logs
Successfully wrote batch 220 to activity_logs
Error writing stats to Postgres: Can't get JDBC type for struct<start:timestamp,end:timestamp>.
Successfully wrote batch 221 to activity_logs
Successfully wrote batch 222 to activity_logs
Successfully wrote batch 223 to activity_logs
Error writing stats to Postgres: Can't get JDBC type for struct<start:timestamp,end:timestamp>.
Successfully wrote batch 224 to activity_logs
Successfully wrote batch 225 to activity_logs
Successfully wrote batch 226 to activity_logs
Error writing stats to Postgres: Can't get JDBC type for struct<start:timestamp,end:timestamp>.
Successfully wrote batch 227 to activity_logs
Successfully wrote batch 228 to activity_logs
Successfully wrote batch 229 to activity_logs
Error writing stats to Postgres: Can't get JDBC type for struct<start:timestamp,end:timestamp>.
Successfully wrote batch 230 to activity_logs
Successfully wrote batch 231 to activity_logs
Successfully wrote batch 232 to activity_logs
Error writing stats to Postgres: Can't get JDBC type for struct<start:timestamp,end:timestamp>.
Successfully wrote batch 233 to activity_logs
Successfully wrote batch 234 to activity_logs
Successfully wrote batch 235 to activity_logs
Error writing stats to Postgres: Can't get JDBC type for struct<start:timestamp,end:timestamp>.
Successfully wrote batch 236 to activity_logs
Successfully wrote batch 237 to activity_logs
Successfully wrote batch 238 to activity_logs
Error writing stats to Postgres: Can't get JDBC type for struct<start:timestamp,end:timestamp>.
Successfully wrote batch 239 to activity_logs
Successfully wrote batch 240 to activity_logs
Successfully wrote batch 241 to activity_logs
Successfully wrote batch 242 to activity_logs
Error writing stats to Postgres: Can't get JDBC type for struct<start:timestamp,end:timestamp>.
Successfully wrote batch 243 to activity_logs
Successfully wrote batch 244 to activity_logs
Successfully wrote batch 245 to activity_logs
Successfully wrote batch 246 to activity_logs
Error writing stats to Postgres: Can't get JDBC type for struct<start:timestamp,end:timestamp>.
Successfully wrote batch 247 to activity_logs
Successfully wrote batch 248 to activity_logs
Successfully wrote batch 249 to activity_logs
Error writing stats to Postgres: Can't get JDBC type for struct<start:timestamp,end:timestamp>.
Successfully wrote batch 250 to activity_logs
Successfully wrote batch 251 to activity_logs
Successfully wrote batch 252 to activity_logs
Error writing stats to Postgres: Can't get JDBC type for struct<start:timestamp,end:timestamp>.
Successfully wrote batch 253 to activity_logs
Successfully wrote batch 254 to activity_logs
Successfully wrote batch 255 to activity_logs
Error writing stats to Postgres: Can't get JDBC type for struct<start:timestamp,end:timestamp>.
Successfully wrote batch 256 to activity_logs
Successfully wrote batch 257 to activity_logs
Successfully wrote batch 258 to activity_logs
Error writing stats to Postgres: Can't get JDBC type for struct<start:timestamp,end:timestamp>.
Successfully wrote batch 259 to activity_logs
Successfully wrote batch 260 to activity_logs
Successfully wrote batch 261 to activity_logs
Error writing stats to Postgres: Can't get JDBC type for struct<start:timestamp,end:timestamp>.
Successfully wrote batch 262 to activity_logs
Successfully wrote batch 263 to activity_logs
Successfully wrote batch 264 to activity_logs
Successfully wrote batch 265 to activity_logs
Error writing stats to Postgres: Can't get JDBC type for struct<start:timestamp,end:timestamp>.
Successfully wrote batch 266 to activity_logs
Successfully wrote batch 267 to activity_logs
Successfully wrote batch 268 to activity_logs
Error writing stats to Postgres: Can't get JDBC type for struct<start:timestamp,end:timestamp>.
Successfully wrote batch 269 to activity_logs
Successfully wrote batch 270 to activity_logs
Successfully wrote batch 271 to activity_logs
Successfully wrote batch 272 to activity_logs
Error writing stats to Postgres: Can't get JDBC type for struct<start:timestamp,end:timestamp>.
Successfully wrote batch 273 to activity_logs
Successfully wrote batch 274 to activity_logs
Successfully wrote batch 275 to activity_logs
Successfully wrote batch 276 to activity_logs
Error writing stats to Postgres: Can't get JDBC type for struct<start:timestamp,end:timestamp>.
Successfully wrote batch 277 to activity_logs
Successfully wrote batch 278 to activity_logs
Successfully wrote batch 279 to activity_logs
Error writing stats to Postgres: Can't get JDBC type for struct<start:timestamp,end:timestamp>.
Successfully wrote batch 280 to activity_logs
Successfully wrote batch 281 to activity_logs
Successfully wrote batch 282 to activity_logs
Successfully wrote batch 283 to activity_logs
Error writing stats to Postgres: Can't get JDBC type for struct<start:timestamp,end:timestamp>.
Successfully wrote batch 284 to activity_logs
Successfully wrote batch 285 to activity_logs
Successfully wrote batch 286 to activity_logs
Error writing stats to Postgres: Can't get JDBC type for struct<start:timestamp,end:timestamp>.
Successfully wrote batch 287 to activity_logs
Successfully wrote batch 288 to activity_logs
Successfully wrote batch 289 to activity_logs
Successfully wrote batch 290 to activity_logs
Error writing stats to Postgres: Can't get JDBC type for struct<start:timestamp,end:timestamp>.
Successfully wrote batch 291 to activity_logs
Successfully wrote batch 292 to activity_logs
Successfully wrote batch 293 to activity_logs
Successfully wrote batch 294 to activity_logs
Error writing stats to Postgres: Can't get JDBC type for struct<start:timestamp,end:timestamp>.
Successfully wrote batch 295 to activity_logs
Successfully wrote batch 296 to activity_logs
Successfully wrote batch 297 to activity_logs
Successfully wrote batch 298 to activity_logs
Error writing stats to Postgres: Can't get JDBC type for struct<start:timestamp,end:timestamp>.
Successfully wrote batch 299 to activity_logs
Successfully wrote batch 300 to activity_logs
Successfully wrote batch 301 to activity_logs
Error writing stats to Postgres: Can't get JDBC type for struct<start:timestamp,end:timestamp>.
Successfully wrote batch 302 to activity_logs
Successfully wrote batch 303 to activity_logs
Successfully wrote batch 304 to activity_logs
Error writing stats to Postgres: Can't get JDBC type for struct<start:timestamp,end:timestamp>.
Successfully wrote batch 305 to activity_logs
Successfully wrote batch 306 to activity_logs
Successfully wrote batch 307 to activity_logs
Error writing stats to Postgres: Can't get JDBC type for struct<start:timestamp,end:timestamp>.
Successfully wrote batch 308 to activity_logs
Successfully wrote batch 309 to activity_logs
Successfully wrote batch 310 to activity_logs
Error writing stats to Postgres: Can't get JDBC type for struct<start:timestamp,end:timestamp>.
Successfully wrote batch 311 to activity_logs
Successfully wrote batch 312 to activity_logs
Successfully wrote batch 313 to activity_logs
Error writing stats to Postgres: Can't get JDBC type for struct<start:timestamp,end:timestamp>.
Successfully wrote batch 314 to activity_logs
Successfully wrote batch 315 to activity_logs
Successfully wrote batch 316 to activity_logs
Error writing stats to Postgres: Can't get JDBC type for struct<start:timestamp,end:timestamp>.
Successfully wrote batch 317 to activity_logs
Successfully wrote batch 318 to activity_logs
Successfully wrote batch 319 to activity_logs
Successfully wrote batch 320 to activity_logs
Error writing stats to Postgres: Can't get JDBC type for struct<start:timestamp,end:timestamp>.
Successfully wrote batch 321 to activity_logs
Successfully wrote batch 322 to activity_logs
Successfully wrote batch 323 to activity_logs
Successfully wrote batch 324 to activity_logs
Error writing stats to Postgres: Can't get JDBC type for struct<start:timestamp,end:timestamp>.
Successfully wrote batch 325 to activity_logs
Successfully wrote batch 326 to activity_logs
Successfully wrote batch 327 to activity_logs
Error writing stats to Postgres: Can't get JDBC type for struct<start:timestamp,end:timestamp>.
Successfully wrote batch 328 to activity_logs
Successfully wrote batch 329 to activity_logs
Successfully wrote batch 330 to activity_logs
Error writing stats to Postgres: Can't get JDBC type for struct<start:timestamp,end:timestamp>.
Successfully wrote batch 331 to activity_logs
Successfully wrote batch 332 to activity_logs
Successfully wrote batch 333 to activity_logs
Error writing stats to Postgres: Can't get JDBC type for struct<start:timestamp,end:timestamp>.
Successfully wrote batch 334 to activity_logs
Successfully wrote batch 335 to activity_logs
Successfully wrote batch 336 to activity_logs
Successfully wrote batch 337 to activity_logs
Error writing stats to Postgres: Can't get JDBC type for struct<start:timestamp,end:timestamp>.
Successfully wrote batch 338 to activity_logs
Successfully wrote batch 339 to activity_logs
Successfully wrote batch 340 to activity_logs
Error writing stats to Postgres: Can't get JDBC type for struct<start:timestamp,end:timestamp>.
Successfully wrote batch 341 to activity_logs
Successfully wrote batch 342 to activity_logs
Successfully wrote batch 343 to activity_logs
Successfully wrote batch 344 to activity_logs
Error writing stats to Postgres: Can't get JDBC type for struct<start:timestamp,end:timestamp>.
Successfully wrote batch 345 to activity_logs
Successfully wrote batch 346 to activity_logs
Successfully wrote batch 347 to activity_logs
Error writing stats to Postgres: Can't get JDBC type for struct<start:timestamp,end:timestamp>.
Successfully wrote batch 348 to activity_logs
Successfully wrote batch 349 to activity_logs
Successfully wrote batch 350 to activity_logs
Error writing stats to Postgres: Can't get JDBC type for struct<start:timestamp,end:timestamp>.
Successfully wrote batch 351 to activity_logs
Successfully wrote batch 352 to activity_logs
Successfully wrote batch 353 to activity_logs
Error writing stats to Postgres: Can't get JDBC type for struct<start:timestamp,end:timestamp>.
Successfully wrote batch 354 to activity_logs
Successfully wrote batch 355 to activity_logs
Successfully wrote batch 356 to activity_logs
Error writing stats to Postgres: Can't get JDBC type for struct<start:timestamp,end:timestamp>.
Successfully wrote batch 357 to activity_logs
Successfully wrote batch 358 to activity_logs
Successfully wrote batch 359 to activity_logs
Error writing stats to Postgres: Can't get JDBC type for struct<start:timestamp,end:timestamp>.
Successfully wrote batch 360 to activity_logs
Successfully wrote batch 361 to activity_logs
Successfully wrote batch 362 to activity_logs
Error writing stats to Postgres: Can't get JDBC type for struct<start:timestamp,end:timestamp>.
Successfully wrote batch 363 to activity_logs
Successfully wrote batch 364 to activity_logs
Successfully wrote batch 365 to activity_logs
Error writing stats to Postgres: Can't get JDBC type for struct<start:timestamp,end:timestamp>.
Successfully wrote batch 366 to activity_logs
Successfully wrote batch 367 to activity_logs
Successfully wrote batch 368 to activity_logs
Error writing stats to Postgres: Can't get JDBC type for struct<start:timestamp,end:timestamp>.
Successfully wrote batch 369 to activity_logs
Successfully wrote batch 370 to activity_logs
Successfully wrote batch 371 to activity_logs
Error writing stats to Postgres: Can't get JDBC type for struct<start:timestamp,end:timestamp>.
Successfully wrote batch 372 to activity_logs
Successfully wrote batch 373 to activity_logs
Successfully wrote batch 374 to activity_logs
Error writing stats to Postgres: Can't get JDBC type for struct<start:timestamp,end:timestamp>.
Successfully wrote batch 375 to activity_logs
Successfully wrote batch 376 to activity_logs
Successfully wrote batch 377 to activity_logs
Successfully wrote batch 378 to activity_logs
Error writing stats to Postgres: Can't get JDBC type for struct<start:timestamp,end:timestamp>.
Successfully wrote batch 379 to activity_logs
Successfully wrote batch 380 to activity_logs
Successfully wrote batch 381 to activity_logs
Error writing stats to Postgres: Can't get JDBC type for struct<start:timestamp,end:timestamp>.
Successfully wrote batch 382 to activity_logs
Successfully wrote batch 383 to activity_logs
Successfully wrote batch 384 to activity_logs
Error writing stats to Postgres: Can't get JDBC type for struct<start:timestamp,end:timestamp>.
Successfully wrote batch 385 to activity_logs
Successfully wrote batch 386 to activity_logs
Successfully wrote batch 387 to activity_logs
Successfully wrote batch 388 to activity_logs
Error writing stats to Postgres: Can't get JDBC type for struct<start:timestamp,end:timestamp>.
Successfully wrote batch 389 to activity_logs
Successfully wrote batch 390 to activity_logs
Successfully wrote batch 391 to activity_logs
Error writing stats to Postgres: Can't get JDBC type for struct<start:timestamp,end:timestamp>.
Successfully wrote batch 392 to activity_logs
Successfully wrote batch 393 to activity_logs
Successfully wrote batch 394 to activity_logs
Error writing stats to Postgres: Can't get JDBC type for struct<start:timestamp,end:timestamp>.
Successfully wrote batch 395 to activity_logs
Successfully wrote batch 396 to activity_logs
Successfully wrote batch 397 to activity_logs
Error writing stats to Postgres: Can't get JDBC type for struct<start:timestamp,end:timestamp>.
Successfully wrote batch 398 to activity_logs
Successfully wrote batch 399 to activity_logs
Successfully wrote batch 400 to activity_logs
Error writing stats to Postgres: Can't get JDBC type for struct<start:timestamp,end:timestamp>.
Successfully wrote batch 401 to activity_logs
Successfully wrote batch 402 to activity_logs
Successfully wrote batch 403 to activity_logs
Successfully wrote batch 404 to activity_logs
Error writing stats to Postgres: Can't get JDBC type for struct<start:timestamp,end:timestamp>.
Successfully wrote batch 405 to activity_logs
Successfully wrote batch 406 to activity_logs
Successfully wrote batch 407 to activity_logs
Error writing stats to Postgres: Can't get JDBC type for struct<start:timestamp,end:timestamp>.
Successfully wrote batch 408 to activity_logs
Successfully wrote batch 409 to activity_logs
Successfully wrote batch 410 to activity_logs
Successfully wrote batch 411 to activity_logs
Error writing stats to Postgres: Can't get JDBC type for struct<start:timestamp,end:timestamp>.
Successfully wrote batch 412 to activity_logs
Successfully wrote batch 413 to activity_logs
Successfully wrote batch 414 to activity_logs
Error writing stats to Postgres: Can't get JDBC type for struct<start:timestamp,end:timestamp>.
Successfully wrote batch 415 to activity_logs
Successfully wrote batch 416 to activity_logs
Successfully wrote batch 417 to activity_logs
Error writing stats to Postgres: Can't get JDBC type for struct<start:timestamp,end:timestamp>.
Successfully wrote batch 418 to activity_logs
Successfully wrote batch 419 to activity_logs
Successfully wrote batch 420 to activity_logs
Error writing stats to Postgres: Can't get JDBC type for struct<start:timestamp,end:timestamp>.
Successfully wrote batch 421 to activity_logs
Successfully wrote batch 422 to activity_logs
Successfully wrote batch 423 to activity_logs
Successfully wrote batch 424 to activity_logs
Error writing stats to Postgres: Can't get JDBC type for struct<start:timestamp,end:timestamp>.
Successfully wrote batch 425 to activity_logs
Successfully wrote batch 426 to activity_logs
Successfully wrote batch 427 to activity_logs
Error writing stats to Postgres: Can't get JDBC type for struct<start:timestamp,end:timestamp>.
Successfully wrote batch 428 to activity_logs
Successfully wrote batch 429 to activity_logs
Successfully wrote batch 430 to activity_logs
Error writing stats to Postgres: Can't get JDBC type for struct<start:timestamp,end:timestamp>.
Successfully wrote batch 431 to activity_logs
Successfully wrote batch 432 to activity_logs
Successfully wrote batch 433 to activity_logs
Error writing stats to Postgres: Can't get JDBC type for struct<start:timestamp,end:timestamp>.
Successfully wrote batch 434 to activity_logs
Successfully wrote batch 435 to activity_logs
Successfully wrote batch 436 to activity_logs
Error writing stats to Postgres: Can't get JDBC type for struct<start:timestamp,end:timestamp>.
Successfully wrote batch 437 to activity_logs
Successfully wrote batch 438 to activity_logs
Successfully wrote batch 439 to activity_logs
Error writing stats to Postgres: Can't get JDBC type for struct<start:timestamp,end:timestamp>.
Successfully wrote batch 440 to activity_logs
Successfully wrote batch 441 to activity_logs
Successfully wrote batch 442 to activity_logs
Error writing stats to Postgres: Can't get JDBC type for struct<start:timestamp,end:timestamp>.
Successfully wrote batch 443 to activity_logs
Successfully wrote batch 444 to activity_logs
Successfully wrote batch 445 to activity_logs
Error writing stats to Postgres: Can't get JDBC type for struct<start:timestamp,end:timestamp>.
Successfully wrote batch 446 to activity_logs
Successfully wrote batch 447 to activity_logs
Successfully wrote batch 448 to activity_logs
Successfully wrote batch 449 to activity_logs
Error writing stats to Postgres: Can't get JDBC type for struct<start:timestamp,end:timestamp>.
Successfully wrote batch 450 to activity_logs
Successfully wrote batch 451 to activity_logs
Successfully wrote batch 452 to activity_logs
Successfully wrote batch 453 to activity_logs
Error writing stats to Postgres: Can't get JDBC type for struct<start:timestamp,end:timestamp>.
Successfully wrote batch 454 to activity_logs
Successfully wrote batch 455 to activity_logs
Successfully wrote batch 456 to activity_logs
Error writing stats to Postgres: Can't get JDBC type for struct<start:timestamp,end:timestamp>.
Successfully wrote batch 457 to activity_logs
Successfully wrote batch 458 to activity_logs
Successfully wrote batch 459 to activity_logs
Successfully wrote batch 460 to activity_logs
Error writing stats to Postgres: Can't get JDBC type for struct<start:timestamp,end:timestamp>.
Successfully wrote batch 461 to activity_logs
Successfully wrote batch 462 to activity_logs
Successfully wrote batch 463 to activity_logs
Successfully wrote batch 464 to activity_logs
Error writing stats to Postgres: Can't get JDBC type for struct<start:timestamp,end:timestamp>.
Successfully wrote batch 465 to activity_logs
Successfully wrote batch 466 to activity_logs
Successfully wrote batch 467 to activity_logs
Error writing stats to Postgres: Can't get JDBC type for struct<start:timestamp,end:timestamp>.
Successfully wrote batch 468 to activity_logs
Successfully wrote batch 469 to activity_logs
Successfully wrote batch 470 to activity_logs
Error writing stats to Postgres: Can't get JDBC type for struct<start:timestamp,end:timestamp>.
Successfully wrote batch 471 to activity_logs
Successfully wrote batch 472 to activity_logs
Successfully wrote batch 473 to activity_logs
Error writing stats to Postgres: Can't get JDBC type for struct<start:timestamp,end:timestamp>.
Successfully wrote batch 474 to activity_logs
Successfully wrote batch 475 to activity_logs
Successfully wrote batch 476 to activity_logs
Error writing stats to Postgres: Can't get JDBC type for struct<start:timestamp,end:timestamp>.
Successfully wrote batch 477 to activity_logs
Successfully wrote batch 478 to activity_logs
Successfully wrote batch 479 to activity_logs
Successfully wrote batch 480 to activity_logs
Error writing stats to Postgres: Can't get JDBC type for struct<start:timestamp,end:timestamp>.
Successfully wrote batch 481 to activity_logs
Successfully wrote batch 482 to activity_logs
Successfully wrote batch 483 to activity_logs
Error writing stats to Postgres: Can't get JDBC type for struct<start:timestamp,end:timestamp>.
Successfully wrote batch 484 to activity_logs
Successfully wrote batch 485 to activity_logs
Successfully wrote batch 486 to activity_logs
Error writing stats to Postgres: Can't get JDBC type for struct<start:timestamp,end:timestamp>.
Successfully wrote batch 487 to activity_logs
Successfully wrote batch 488 to activity_logs
Successfully wrote batch 489 to activity_logs
Error writing stats to Postgres: Can't get JDBC type for struct<start:timestamp,end:timestamp>.
Successfully wrote batch 490 to activity_logs
Successfully wrote batch 491 to activity_logs
Successfully wrote batch 492 to activity_logs
Error writing stats to Postgres: Can't get JDBC type for struct<start:timestamp,end:timestamp>.
Successfully wrote batch 493 to activity_logs
Successfully wrote batch 494 to activity_logs
Successfully wrote batch 495 to activity_logs
Error writing stats to Postgres: Can't get JDBC type for struct<start:timestamp,end:timestamp>.
Successfully wrote batch 496 to activity_logs
Successfully wrote batch 497 to activity_logs
Successfully wrote batch 498 to activity_logs
Error writing stats to Postgres: Can't get JDBC type for struct<start:timestamp,end:timestamp>.
Successfully wrote batch 499 to activity_logs
Successfully wrote batch 500 to activity_logs
Successfully wrote batch 501 to activity_logs
Error writing stats to Postgres: Can't get JDBC type for struct<start:timestamp,end:timestamp>.
Successfully wrote batch 502 to activity_logs
Successfully wrote batch 503 to activity_logs
Successfully wrote batch 504 to activity_logs
Successfully wrote batch 505 to activity_logs
Error writing stats to Postgres: Can't get JDBC type for struct<start:timestamp,end:timestamp>.
Successfully wrote batch 506 to activity_logs
Successfully wrote batch 507 to activity_logs
Successfully wrote batch 508 to activity_logs
Error writing stats to Postgres: Can't get JDBC type for struct<start:timestamp,end:timestamp>.
Successfully wrote batch 509 to activity_logs
Successfully wrote batch 510 to activity_logs
Successfully wrote batch 511 to activity_logs
Error writing stats to Postgres: Can't get JDBC type for struct<start:timestamp,end:timestamp>.
Successfully wrote batch 512 to activity_logs
Successfully wrote batch 513 to activity_logs
Successfully wrote batch 514 to activity_logs
Error writing stats to Postgres: Can't get JDBC type for struct<start:timestamp,end:timestamp>.
Successfully wrote batch 515 to activity_logs
Successfully wrote batch 516 to activity_logs
Successfully wrote batch 517 to activity_logs
Error writing stats to Postgres: Can't get JDBC type for struct<start:timestamp,end:timestamp>.
Successfully wrote batch 518 to activity_logs
Successfully wrote batch 519 to activity_logs
Successfully wrote batch 520 to activity_logs
Error writing stats to Postgres: Can't get JDBC type for struct<start:timestamp,end:timestamp>.
Successfully wrote batch 521 to activity_logs
Successfully wrote batch 522 to activity_logs
Successfully wrote batch 523 to activity_logs
Error writing stats to Postgres: Can't get JDBC type for struct<start:timestamp,end:timestamp>.
Successfully wrote batch 524 to activity_logs
Successfully wrote batch 525 to activity_logs
Successfully wrote batch 526 to activity_logs
Error writing stats to Postgres: Can't get JDBC type for struct<start:timestamp,end:timestamp>.
Successfully wrote batch 527 to activity_logs
Successfully wrote batch 528 to activity_logs
Successfully wrote batch 529 to activity_logs
Error writing stats to Postgres: Can't get JDBC type for struct<start:timestamp,end:timestamp>.
Successfully wrote batch 530 to activity_logs
Successfully wrote batch 531 to activity_logs
Successfully wrote batch 532 to activity_logs
Error writing stats to Postgres: Can't get JDBC type for struct<start:timestamp,end:timestamp>.
Successfully wrote batch 533 to activity_logs
Successfully wrote batch 534 to activity_logs
Successfully wrote batch 535 to activity_logs
Error writing stats to Postgres: Can't get JDBC type for struct<start:timestamp,end:timestamp>.
Successfully wrote batch 536 to activity_logs
Successfully wrote batch 537 to activity_logs
Successfully wrote batch 538 to activity_logs
Error writing stats to Postgres: Can't get JDBC type for struct<start:timestamp,end:timestamp>.
Successfully wrote batch 539 to activity_logs
Successfully wrote batch 540 to activity_logs
Successfully wrote batch 541 to activity_logs
Error writing stats to Postgres: Can't get JDBC type for struct<start:timestamp,end:timestamp>.
Successfully wrote batch 542 to activity_logs
Successfully wrote batch 543 to activity_logs
Successfully wrote batch 544 to activity_logs
Error writing stats to Postgres: Can't get JDBC type for struct<start:timestamp,end:timestamp>.
Successfully wrote batch 545 to activity_logs
Successfully wrote batch 546 to activity_logs
Successfully wrote batch 547 to activity_logs
Error writing stats to Postgres: Can't get JDBC type for struct<start:timestamp,end:timestamp>.
Successfully wrote batch 548 to activity_logs
Successfully wrote batch 549 to activity_logs
Successfully wrote batch 550 to activity_logs
Error writing stats to Postgres: Can't get JDBC type for struct<start:timestamp,end:timestamp>.
Successfully wrote batch 551 to activity_logs
Successfully wrote batch 552 to activity_logs
Successfully wrote batch 553 to activity_logs
Error writing stats to Postgres: Can't get JDBC type for struct<start:timestamp,end:timestamp>.
Successfully wrote batch 554 to activity_logs
Successfully wrote batch 555 to activity_logs
Successfully wrote batch 556 to activity_logs
Error writing stats to Postgres: Can't get JDBC type for struct<start:timestamp,end:timestamp>.
Successfully wrote batch 557 to activity_logs
Successfully wrote batch 558 to activity_logs
Successfully wrote batch 559 to activity_logs
Error writing stats to Postgres: Can't get JDBC type for struct<start:timestamp,end:timestamp>.
Successfully wrote batch 560 to activity_logs
Successfully wrote batch 561 to activity_logs
Successfully wrote batch 562 to activity_logs
Error writing stats to Postgres: Can't get JDBC type for struct<start:timestamp,end:timestamp>.
Successfully wrote batch 563 to activity_logs
Successfully wrote batch 564 to activity_logs
Successfully wrote batch 565 to activity_logs
Error writing stats to Postgres: Can't get JDBC type for struct<start:timestamp,end:timestamp>.
Successfully wrote batch 566 to activity_logs
Successfully wrote batch 567 to activity_logs
Successfully wrote batch 568 to activity_logs
Error writing stats to Postgres: Can't get JDBC type for struct<start:timestamp,end:timestamp>.
Successfully wrote batch 569 to activity_logs
Successfully wrote batch 570 to activity_logs
Successfully wrote batch 571 to activity_logs
Error writing stats to Postgres: Can't get JDBC type for struct<start:timestamp,end:timestamp>.
Successfully wrote batch 572 to activity_logs
Successfully wrote batch 573 to activity_logs
Successfully wrote batch 574 to activity_logs
Error writing stats to Postgres: Can't get JDBC type for struct<start:timestamp,end:timestamp>.
Successfully wrote batch 575 to activity_logs
Successfully wrote batch 576 to activity_logs
Successfully wrote batch 577 to activity_logs
Error writing stats to Postgres: Can't get JDBC type for struct<start:timestamp,end:timestamp>.
Successfully wrote batch 578 to activity_logs
Successfully wrote batch 579 to activity_logs
Successfully wrote batch 580 to activity_logs
Successfully wrote batch 581 to activity_logs
Error writing stats to Postgres: Can't get JDBC type for struct<start:timestamp,end:timestamp>.
Successfully wrote batch 582 to activity_logs
Successfully wrote batch 583 to activity_logs
Successfully wrote batch 584 to activity_logs
Error writing stats to Postgres: Can't get JDBC type for struct<start:timestamp,end:timestamp>.
Successfully wrote batch 585 to activity_logs
Successfully wrote batch 586 to activity_logs
Successfully wrote batch 587 to activity_logs
Error writing stats to Postgres: Can't get JDBC type for struct<start:timestamp,end:timestamp>.
Successfully wrote batch 588 to activity_logs
Successfully wrote batch 589 to activity_logs
Successfully wrote batch 590 to activity_logs
Error writing stats to Postgres: Can't get JDBC type for struct<start:timestamp,end:timestamp>.
Successfully wrote batch 591 to activity_logs
Successfully wrote batch 592 to activity_logs
Successfully wrote batch 593 to activity_logs
Error writing stats to Postgres: Can't get JDBC type for struct<start:timestamp,end:timestamp>.
Successfully wrote batch 594 to activity_logs
Successfully wrote batch 595 to activity_logs
Successfully wrote batch 596 to activity_logs
Error writing stats to Postgres: Can't get JDBC type for struct<start:timestamp,end:timestamp>.
Successfully wrote batch 597 to activity_logs
Successfully wrote batch 598 to activity_logs
Successfully wrote batch 599 to activity_logs
Error writing stats to Postgres: Can't get JDBC type for struct<start:timestamp,end:timestamp>.
Successfully wrote batch 600 to activity_logs
Successfully wrote batch 601 to activity_logs
Successfully wrote batch 602 to activity_logs
Error writing stats to Postgres: Can't get JDBC type for struct<start:timestamp,end:timestamp>.
Successfully wrote batch 603 to activity_logs
Successfully wrote batch 604 to activity_logs
Successfully wrote batch 605 to activity_logs
Successfully wrote batch 606 to activity_logs
Error writing stats to Postgres: Can't get JDBC type for struct<start:timestamp,end:timestamp>.
Successfully wrote batch 607 to activity_logs
Successfully wrote batch 608 to activity_logs
Successfully wrote batch 609 to activity_logs
Successfully wrote batch 610 to activity_logs
Error writing stats to Postgres: Can't get JDBC type for struct<start:timestamp,end:timestamp>.
Successfully wrote batch 611 to activity_logs
Successfully wrote batch 612 to activity_logs
Successfully wrote batch 613 to activity_logs
Error writing stats to Postgres: Can't get JDBC type for struct<start:timestamp,end:timestamp>.
Successfully wrote batch 614 to activity_logs
Successfully wrote batch 615 to activity_logs
Successfully wrote batch 616 to activity_logs
Error writing stats to Postgres: Can't get JDBC type for struct<start:timestamp,end:timestamp>.
Successfully wrote batch 617 to activity_logs
Successfully wrote batch 618 to activity_logs
Successfully wrote batch 619 to activity_logs
Error writing stats to Postgres: Can't get JDBC type for struct<start:timestamp,end:timestamp>.
Successfully wrote batch 620 to activity_logs
Successfully wrote batch 621 to activity_logs
Successfully wrote batch 622 to activity_logs
Error writing stats to Postgres: Can't get JDBC type for struct<start:timestamp,end:timestamp>.
Successfully wrote batch 623 to activity_logs
Successfully wrote batch 624 to activity_logs
Successfully wrote batch 625 to activity_logs
Error writing stats to Postgres: Can't get JDBC type for struct<start:timestamp,end:timestamp>.
Successfully wrote batch 626 to activity_logs
Successfully wrote batch 627 to activity_logs
Successfully wrote batch 628 to activity_logs
Error writing stats to Postgres: Can't get JDBC type for struct<start:timestamp,end:timestamp>.
Successfully wrote batch 629 to activity_logs
Successfully wrote batch 630 to activity_logs
Successfully wrote batch 631 to activity_logs
Error writing stats to Postgres: Can't get JDBC type for struct<start:timestamp,end:timestamp>.
Successfully wrote batch 632 to activity_logs
Successfully wrote batch 633 to activity_logs
Successfully wrote batch 634 to activity_logs
Error writing stats to Postgres: Can't get JDBC type for struct<start:timestamp,end:timestamp>.
Successfully wrote batch 635 to activity_logs
Successfully wrote batch 636 to activity_logs
Successfully wrote batch 637 to activity_logs
Error writing stats to Postgres: Can't get JDBC type for struct<start:timestamp,end:timestamp>.
Successfully wrote batch 638 to activity_logs
Successfully wrote batch 639 to activity_logs
Successfully wrote batch 640 to activity_logs
Error writing stats to Postgres: Can't get JDBC type for struct<start:timestamp,end:timestamp>.
Successfully wrote batch 641 to activity_logs
Successfully wrote batch 642 to activity_logs
Successfully wrote batch 643 to activity_logs
Error writing stats to Postgres: Can't get JDBC type for struct<start:timestamp,end:timestamp>.
Successfully wrote batch 644 to activity_logs
Successfully wrote batch 645 to activity_logs
Successfully wrote batch 646 to activity_logs
Error writing stats to Postgres: Can't get JDBC type for struct<start:timestamp,end:timestamp>.
Successfully wrote batch 647 to activity_logs
Successfully wrote batch 648 to activity_logs
Successfully wrote batch 649 to activity_logs
Successfully wrote batch 650 to activity_logs
Error writing stats to Postgres: Can't get JDBC type for struct<start:timestamp,end:timestamp>.
Successfully wrote batch 651 to activity_logs
Successfully wrote batch 652 to activity_logs
Successfully wrote batch 653 to activity_logs
Error writing stats to Postgres: Can't get JDBC type for struct<start:timestamp,end:timestamp>.
Successfully wrote batch 654 to activity_logs
Successfully wrote batch 655 to activity_logs
Successfully wrote batch 656 to activity_logs
Error writing stats to Postgres: Can't get JDBC type for struct<start:timestamp,end:timestamp>.
Successfully wrote batch 657 to activity_logs
Successfully wrote batch 658 to activity_logs
Successfully wrote batch 659 to activity_logs
Error writing stats to Postgres: Can't get JDBC type for struct<start:timestamp,end:timestamp>.
Successfully wrote batch 660 to activity_logs
Successfully wrote batch 661 to activity_logs
Successfully wrote batch 662 to activity_logs
Error writing stats to Postgres: Can't get JDBC type for struct<start:timestamp,end:timestamp>.
Successfully wrote batch 663 to activity_logs
Successfully wrote batch 664 to activity_logs
Successfully wrote batch 665 to activity_logs
Error writing stats to Postgres: Can't get JDBC type for struct<start:timestamp,end:timestamp>.
Successfully wrote batch 666 to activity_logs
Successfully wrote batch 667 to activity_logs
Successfully wrote batch 668 to activity_logs
Error writing stats to Postgres: Can't get JDBC type for struct<start:timestamp,end:timestamp>.
Successfully wrote batch 669 to activity_logs
Successfully wrote batch 670 to activity_logs
Successfully wrote batch 671 to activity_logs
Error writing stats to Postgres: Can't get JDBC type for struct<start:timestamp,end:timestamp>.
Successfully wrote batch 672 to activity_logs
Successfully wrote batch 673 to activity_logs
Successfully wrote batch 674 to activity_logs
Error writing stats to Postgres: Can't get JDBC type for struct<start:timestamp,end:timestamp>.
Successfully wrote batch 675 to activity_logs
Successfully wrote batch 676 to activity_logs
Successfully wrote batch 677 to activity_logs
Error writing stats to Postgres: Can't get JDBC type for struct<start:timestamp,end:timestamp>.
Successfully wrote batch 678 to activity_logs
Successfully wrote batch 679 to activity_logs
Successfully wrote batch 680 to activity_logs
Error writing stats to Postgres: Can't get JDBC type for struct<start:timestamp,end:timestamp>.
Successfully wrote batch 681 to activity_logs
Successfully wrote batch 682 to activity_logs
Successfully wrote batch 683 to activity_logs
Error writing stats to Postgres: Can't get JDBC type for struct<start:timestamp,end:timestamp>.
Successfully wrote batch 684 to activity_logs
Successfully wrote batch 685 to activity_logs
Successfully wrote batch 686 to activity_logs
Error writing stats to Postgres: Can't get JDBC type for struct<start:timestamp,end:timestamp>.
Successfully wrote batch 687 to activity_logs
Successfully wrote batch 688 to activity_logs
Successfully wrote batch 689 to activity_logs
Error writing stats to Postgres: Can't get JDBC type for struct<start:timestamp,end:timestamp>.
Successfully wrote batch 690 to activity_logs
Successfully wrote batch 691 to activity_logs
Successfully wrote batch 692 to activity_logs
Error writing stats to Postgres: Can't get JDBC type for struct<start:timestamp,end:timestamp>.
Successfully wrote batch 693 to activity_logs
Successfully wrote batch 694 to activity_logs
Successfully wrote batch 695 to activity_logs
Error writing stats to Postgres: Can't get JDBC type for struct<start:timestamp,end:timestamp>.
Successfully wrote batch 696 to activity_logs
Successfully wrote batch 697 to activity_logs
Successfully wrote batch 698 to activity_logs
Error writing stats to Postgres: Can't get JDBC type for struct<start:timestamp,end:timestamp>.
Successfully wrote batch 699 to activity_logs
Successfully wrote batch 700 to activity_logs
Successfully wrote batch 701 to activity_logs
Error writing stats to Postgres: Can't get JDBC type for struct<start:timestamp,end:timestamp>.
Successfully wrote batch 702 to activity_logs
Successfully wrote batch 703 to activity_logs
Successfully wrote batch 704 to activity_logs
Successfully wrote batch 705 to activity_logs
Error writing stats to Postgres: Can't get JDBC type for struct<start:timestamp,end:timestamp>.
Successfully wrote batch 706 to activity_logs
Successfully wrote batch 707 to activity_logs
Successfully wrote batch 708 to activity_logs
Error writing stats to Postgres: Can't get JDBC type for struct<start:timestamp,end:timestamp>.
Successfully wrote batch 709 to activity_logs
Successfully wrote batch 710 to activity_logs
Successfully wrote batch 711 to activity_logs
Error writing stats to Postgres: Can't get JDBC type for struct<start:timestamp,end:timestamp>.
Successfully wrote batch 712 to activity_logs
Successfully wrote batch 713 to activity_logs
Successfully wrote batch 714 to activity_logs
Error writing stats to Postgres: Can't get JDBC type for struct<start:timestamp,end:timestamp>.
Successfully wrote batch 715 to activity_logs
Successfully wrote batch 716 to activity_logs
Successfully wrote batch 717 to activity_logs
Error writing stats to Postgres: Can't get JDBC type for struct<start:timestamp,end:timestamp>.
Successfully wrote batch 718 to activity_logs
Successfully wrote batch 719 to activity_logs
Successfully wrote batch 720 to activity_logs
Error writing stats to Postgres: Can't get JDBC type for struct<start:timestamp,end:timestamp>.
Successfully wrote batch 721 to activity_logs
Successfully wrote batch 722 to activity_logs
Successfully wrote batch 723 to activity_logs
Error writing stats to Postgres: Can't get JDBC type for struct<start:timestamp,end:timestamp>.
Successfully wrote batch 724 to activity_logs
Successfully wrote batch 725 to activity_logs
Successfully wrote batch 726 to activity_logs
Error writing stats to Postgres: Can't get JDBC type for struct<start:timestamp,end:timestamp>.
Successfully wrote batch 727 to activity_logs
Successfully wrote batch 728 to activity_logs
Successfully wrote batch 729 to activity_logs
Error writing stats to Postgres: Can't get JDBC type for struct<start:timestamp,end:timestamp>.
Successfully wrote batch 730 to activity_logs
Successfully wrote batch 731 to activity_logs
Successfully wrote batch 732 to activity_logs
Error writing stats to Postgres: Can't get JDBC type for struct<start:timestamp,end:timestamp>.
Successfully wrote batch 733 to activity_logs
Successfully wrote batch 734 to activity_logs
Successfully wrote batch 735 to activity_logs
Error writing stats to Postgres: Can't get JDBC type for struct<start:timestamp,end:timestamp>.
Successfully wrote batch 736 to activity_logs
Successfully wrote batch 737 to activity_logs
Successfully wrote batch 738 to activity_logs
Error writing stats to Postgres: Can't get JDBC type for struct<start:timestamp,end:timestamp>.
Successfully wrote batch 739 to activity_logs
Successfully wrote batch 740 to activity_logs
Successfully wrote batch 741 to activity_logs
Error writing stats to Postgres: Can't get JDBC type for struct<start:timestamp,end:timestamp>.
Successfully wrote batch 742 to activity_logs
Successfully wrote batch 743 to activity_logs
Successfully wrote batch 744 to activity_logs
Successfully wrote batch 745 to activity_logs
Error writing stats to Postgres: Can't get JDBC type for struct<start:timestamp,end:timestamp>.
Successfully wrote batch 746 to activity_logs
Successfully wrote batch 747 to activity_logs
Successfully wrote batch 748 to activity_logs
Error writing stats to Postgres: Can't get JDBC type for struct<start:timestamp,end:timestamp>.
Successfully wrote batch 749 to activity_logs
Successfully wrote batch 750 to activity_logs
Successfully wrote batch 751 to activity_logs
Error writing stats to Postgres: Can't get JDBC type for struct<start:timestamp,end:timestamp>.
Successfully wrote batch 752 to activity_logs
Successfully wrote batch 753 to activity_logs
Successfully wrote batch 754 to activity_logs
Successfully wrote batch 755 to activity_logs
Error writing stats to Postgres: Can't get JDBC type for struct<start:timestamp,end:timestamp>.
Successfully wrote batch 756 to activity_logs
Successfully wrote batch 757 to activity_logs
Successfully wrote batch 758 to activity_logs
Error writing stats to Postgres: Can't get JDBC type for struct<start:timestamp,end:timestamp>.
Successfully wrote batch 759 to activity_logs
Successfully wrote batch 760 to activity_logs
Successfully wrote batch 761 to activity_logs
Successfully wrote batch 762 to activity_logs
Error writing stats to Postgres: Can't get JDBC type for struct<start:timestamp,end:timestamp>.
Successfully wrote batch 763 to activity_logs
Successfully wrote batch 764 to activity_logs
Successfully wrote batch 765 to activity_logs
Error writing stats to Postgres: Can't get JDBC type for struct<start:timestamp,end:timestamp>.
Successfully wrote batch 766 to activity_logs
Successfully wrote batch 767 to activity_logs
Successfully wrote batch 768 to activity_logs
Error writing stats to Postgres: Can't get JDBC type for struct<start:timestamp,end:timestamp>.
Successfully wrote batch 769 to activity_logs
Successfully wrote batch 770 to activity_logs
Successfully wrote batch 771 to activity_logs
Error writing stats to Postgres: Can't get JDBC type for struct<start:timestamp,end:timestamp>.
Successfully wrote batch 772 to activity_logs
Successfully wrote batch 773 to activity_logs
Successfully wrote batch 774 to activity_logs
Error writing stats to Postgres: Can't get JDBC type for struct<start:timestamp,end:timestamp>.
Successfully wrote batch 775 to activity_logs
Successfully wrote batch 776 to activity_logs
Successfully wrote batch 777 to activity_logs
Successfully wrote batch 778 to activity_logs
Error writing stats to Postgres: Can't get JDBC type for struct<start:timestamp,end:timestamp>.
Successfully wrote batch 779 to activity_logs
Successfully wrote batch 780 to activity_logs
Successfully wrote batch 781 to activity_logs
Error writing stats to Postgres: Can't get JDBC type for struct<start:timestamp,end:timestamp>.
Successfully wrote batch 782 to activity_logs
Successfully wrote batch 783 to activity_logs
Successfully wrote batch 784 to activity_logs
Successfully wrote batch 785 to activity_logs
Error writing stats to Postgres: Can't get JDBC type for struct<start:timestamp,end:timestamp>.
Successfully wrote batch 786 to activity_logs
Successfully wrote batch 787 to activity_logs
Successfully wrote batch 788 to activity_logs
Error writing stats to Postgres: Can't get JDBC type for struct<start:timestamp,end:timestamp>.
Successfully wrote batch 789 to activity_logs
Successfully wrote batch 790 to activity_logs
Successfully wrote batch 791 to activity_logs
Successfully wrote batch 792 to activity_logs
Error writing stats to Postgres: Can't get JDBC type for struct<start:timestamp,end:timestamp>.
Successfully wrote batch 793 to activity_logs
Successfully wrote batch 794 to activity_logs
Successfully wrote batch 795 to activity_logs
Error writing stats to Postgres: Can't get JDBC type for struct<start:timestamp,end:timestamp>.
Successfully wrote batch 796 to activity_logs
Successfully wrote batch 797 to activity_logs
Successfully wrote batch 798 to activity_logs
Error writing stats to Postgres: Can't get JDBC type for struct<start:timestamp,end:timestamp>.
Successfully wrote batch 799 to activity_logs
Successfully wrote batch 800 to activity_logs
Successfully wrote batch 801 to activity_logs
Error writing stats to Postgres: Can't get JDBC type for struct<start:timestamp,end:timestamp>.
Successfully wrote batch 802 to activity_logs
Successfully wrote batch 803 to activity_logs
Successfully wrote batch 804 to activity_logs
Error writing stats to Postgres: Can't get JDBC type for struct<start:timestamp,end:timestamp>.
Successfully wrote batch 805 to activity_logs
Successfully wrote batch 806 to activity_logs
Successfully wrote batch 807 to activity_logs
Successfully wrote batch 808 to activity_logs
Error writing stats to Postgres: Can't get JDBC type for struct<start:timestamp,end:timestamp>.
Successfully wrote batch 809 to activity_logs
Successfully wrote batch 810 to activity_logs
Successfully wrote batch 811 to activity_logs
Error writing stats to Postgres: Can't get JDBC type for struct<start:timestamp,end:timestamp>.
Successfully wrote batch 812 to activity_logs
Successfully wrote batch 813 to activity_logs
Successfully wrote batch 814 to activity_logs
Error writing stats to Postgres: Can't get JDBC type for struct<start:timestamp,end:timestamp>.
Successfully wrote batch 815 to activity_logs
Successfully wrote batch 816 to activity_logs
Successfully wrote batch 817 to activity_logs
Error writing stats to Postgres: Can't get JDBC type for struct<start:timestamp,end:timestamp>.
Successfully wrote batch 818 to activity_logs
Successfully wrote batch 819 to activity_logs
Successfully wrote batch 820 to activity_logs
Error writing stats to Postgres: Can't get JDBC type for struct<start:timestamp,end:timestamp>.
Successfully wrote batch 821 to activity_logs
Successfully wrote batch 822 to activity_logs
Successfully wrote batch 823 to activity_logs
Successfully wrote batch 824 to activity_logs
Error writing stats to Postgres: Can't get JDBC type for struct<start:timestamp,end:timestamp>.
Successfully wrote batch 825 to activity_logs
Successfully wrote batch 826 to activity_logs
Successfully wrote batch 827 to activity_logs
Error writing stats to Postgres: Can't get JDBC type for struct<start:timestamp,end:timestamp>.
Successfully wrote batch 828 to activity_logs
Successfully wrote batch 829 to activity_logs
Successfully wrote batch 830 to activity_logs
Error writing stats to Postgres: Can't get JDBC type for struct<start:timestamp,end:timestamp>.
Successfully wrote batch 831 to activity_logs
Successfully wrote batch 832 to activity_logs
Successfully wrote batch 833 to activity_logs
Error writing stats to Postgres: Can't get JDBC type for struct<start:timestamp,end:timestamp>.
Successfully wrote batch 834 to activity_logs
Successfully wrote batch 835 to activity_logs
Successfully wrote batch 836 to activity_logs
Error writing stats to Postgres: Can't get JDBC type for struct<start:timestamp,end:timestamp>.
Successfully wrote batch 837 to activity_logs
Successfully wrote batch 838 to activity_logs
Successfully wrote batch 839 to activity_logs
Error writing stats to Postgres: Can't get JDBC type for struct<start:timestamp,end:timestamp>.
Successfully wrote batch 840 to activity_logs
Successfully wrote batch 841 to activity_logs
Successfully wrote batch 842 to activity_logs
Successfully wrote batch 843 to activity_logs
Error writing stats to Postgres: Can't get JDBC type for struct<start:timestamp,end:timestamp>.
Successfully wrote batch 844 to activity_logs
Successfully wrote batch 845 to activity_logs
Successfully wrote batch 846 to activity_logs
Error writing stats to Postgres: Can't get JDBC type for struct<start:timestamp,end:timestamp>.
Successfully wrote batch 847 to activity_logs
Successfully wrote batch 848 to activity_logs
Successfully wrote batch 849 to activity_logs
Error writing stats to Postgres: Can't get JDBC type for struct<start:timestamp,end:timestamp>.
Successfully wrote batch 850 to activity_logs
Successfully wrote batch 851 to activity_logs
Successfully wrote batch 852 to activity_logs
Error writing stats to Postgres: Can't get JDBC type for struct<start:timestamp,end:timestamp>.
Successfully wrote batch 853 to activity_logs
Successfully wrote batch 854 to activity_logs
Successfully wrote batch 855 to activity_logs
Successfully wrote batch 856 to activity_logs
Error writing stats to Postgres: Can't get JDBC type for struct<start:timestamp,end:timestamp>.
Successfully wrote batch 857 to activity_logs
Successfully wrote batch 858 to activity_logs
Successfully wrote batch 859 to activity_logs
Error writing stats to Postgres: Can't get JDBC type for struct<start:timestamp,end:timestamp>.
Successfully wrote batch 860 to activity_logs
Successfully wrote batch 861 to activity_logs
Successfully wrote batch 862 to activity_logs
Error writing stats to Postgres: Can't get JDBC type for struct<start:timestamp,end:timestamp>.
Successfully wrote batch 863 to activity_logs
Successfully wrote batch 864 to activity_logs
Successfully wrote batch 865 to activity_logs
Error writing stats to Postgres: Can't get JDBC type for struct<start:timestamp,end:timestamp>.
Successfully wrote batch 866 to activity_logs
Successfully wrote batch 867 to activity_logs
Successfully wrote batch 868 to activity_logs
Error writing stats to Postgres: Can't get JDBC type for struct<start:timestamp,end:timestamp>.
Successfully wrote batch 869 to activity_logs
Successfully wrote batch 870 to activity_logs
Successfully wrote batch 871 to activity_logs
Error writing stats to Postgres: Can't get JDBC type for struct<start:timestamp,end:timestamp>.
Successfully wrote batch 872 to activity_logs
Successfully wrote batch 873 to activity_logs
Successfully wrote batch 874 to activity_logs
Error writing stats to Postgres: Can't get JDBC type for struct<start:timestamp,end:timestamp>.
Successfully wrote batch 875 to activity_logs
Successfully wrote batch 876 to activity_logs
Successfully wrote batch 877 to activity_logs
Error writing stats to Postgres: Can't get JDBC type for struct<start:timestamp,end:timestamp>.
Successfully wrote batch 878 to activity_logs
Successfully wrote batch 879 to activity_logs
Successfully wrote batch 880 to activity_logs
Error writing stats to Postgres: Can't get JDBC type for struct<start:timestamp,end:timestamp>.
Successfully wrote batch 881 to activity_logs
Successfully wrote batch 882 to activity_logs
Successfully wrote batch 883 to activity_logs
Error writing stats to Postgres: Can't get JDBC type for struct<start:timestamp,end:timestamp>.
Successfully wrote batch 884 to activity_logs
Successfully wrote batch 885 to activity_logs
Successfully wrote batch 886 to activity_logs
Error writing stats to Postgres: Can't get JDBC type for struct<start:timestamp,end:timestamp>.
Successfully wrote batch 887 to activity_logs
Successfully wrote batch 888 to activity_logs
Successfully wrote batch 889 to activity_logs
Error writing stats to Postgres: Can't get JDBC type for struct<start:timestamp,end:timestamp>.
Successfully wrote batch 890 to activity_logs
Successfully wrote batch 891 to activity_logs
Successfully wrote batch 892 to activity_logs
Error writing stats to Postgres: Can't get JDBC type for struct<start:timestamp,end:timestamp>.
Successfully wrote batch 893 to activity_logs
Successfully wrote batch 894 to activity_logs
Successfully wrote batch 895 to activity_logs
Successfully wrote batch 896 to activity_logs
Error writing stats to Postgres: Can't get JDBC type for struct<start:timestamp,end:timestamp>.
Successfully wrote batch 897 to activity_logs
Successfully wrote batch 898 to activity_logs
Successfully wrote batch 899 to activity_logs
Error writing stats to Postgres: Can't get JDBC type for struct<start:timestamp,end:timestamp>.
Successfully wrote batch 900 to activity_logs
Successfully wrote batch 901 to activity_logs
Successfully wrote batch 902 to activity_logs
Error writing stats to Postgres: Can't get JDBC type for struct<start:timestamp,end:timestamp>.
Successfully wrote batch 903 to activity_logs
Successfully wrote batch 904 to activity_logs
Successfully wrote batch 905 to activity_logs
Error writing stats to Postgres: Can't get JDBC type for struct<start:timestamp,end:timestamp>.
Successfully wrote batch 906 to activity_logs
Successfully wrote batch 907 to activity_logs
Successfully wrote batch 908 to activity_logs
Error writing stats to Postgres: Can't get JDBC type for struct<start:timestamp,end:timestamp>.
Successfully wrote batch 909 to activity_logs
Successfully wrote batch 910 to activity_logs
Successfully wrote batch 911 to activity_logs
Error writing stats to Postgres: Can't get JDBC type for struct<start:timestamp,end:timestamp>.
Successfully wrote batch 912 to activity_logs
Successfully wrote batch 913 to activity_logs
Successfully wrote batch 914 to activity_logs
Error writing stats to Postgres: Can't get JDBC type for struct<start:timestamp,end:timestamp>.
Successfully wrote batch 915 to activity_logs
Successfully wrote batch 916 to activity_logs
Successfully wrote batch 917 to activity_logs
Error writing stats to Postgres: Can't get JDBC type for struct<start:timestamp,end:timestamp>.
Successfully wrote batch 918 to activity_logs
Successfully wrote batch 919 to activity_logs
Successfully wrote batch 920 to activity_logs
Error writing stats to Postgres: Can't get JDBC type for struct<start:timestamp,end:timestamp>.
Successfully wrote batch 921 to activity_logs
Successfully wrote batch 922 to activity_logs
Successfully wrote batch 923 to activity_logs
Error writing stats to Postgres: Can't get JDBC type for struct<start:timestamp,end:timestamp>.
Successfully wrote batch 924 to activity_logs
Successfully wrote batch 925 to activity_logs
Successfully wrote batch 926 to activity_logs
Error writing stats to Postgres: Can't get JDBC type for struct<start:timestamp,end:timestamp>.
Successfully wrote batch 927 to activity_logs
Successfully wrote batch 928 to activity_logs
Successfully wrote batch 929 to activity_logs
Error writing stats to Postgres: Can't get JDBC type for struct<start:timestamp,end:timestamp>.
Successfully wrote batch 930 to activity_logs
Successfully wrote batch 931 to activity_logs
Successfully wrote batch 932 to activity_logs
Error writing stats to Postgres: Can't get JDBC type for struct<start:timestamp,end:timestamp>.
Successfully wrote batch 933 to activity_logs
Successfully wrote batch 934 to activity_logs
Successfully wrote batch 935 to activity_logs
Error writing stats to Postgres: Can't get JDBC type for struct<start:timestamp,end:timestamp>.
Successfully wrote batch 936 to activity_logs
Successfully wrote batch 937 to activity_logs
Successfully wrote batch 938 to activity_logs
Error writing stats to Postgres: Can't get JDBC type for struct<start:timestamp,end:timestamp>.
Successfully wrote batch 939 to activity_logs
Successfully wrote batch 940 to activity_logs
Successfully wrote batch 941 to activity_logs
Error writing stats to Postgres: Can't get JDBC type for struct<start:timestamp,end:timestamp>.
Successfully wrote batch 942 to activity_logs
Successfully wrote batch 943 to activity_logs
Successfully wrote batch 944 to activity_logs
Error writing stats to Postgres: Can't get JDBC type for struct<start:timestamp,end:timestamp>.
Successfully wrote batch 945 to activity_logs
Successfully wrote batch 946 to activity_logs
Successfully wrote batch 947 to activity_logs
Error writing stats to Postgres: Can't get JDBC type for struct<start:timestamp,end:timestamp>.
Successfully wrote batch 948 to activity_logs
Successfully wrote batch 949 to activity_logs
Successfully wrote batch 950 to activity_logs
Successfully wrote batch 951 to activity_logs
Error writing stats to Postgres: Can't get JDBC type for struct<start:timestamp,end:timestamp>.
Successfully wrote batch 952 to activity_logs
Successfully wrote batch 953 to activity_logs
Successfully wrote batch 954 to activity_logs
Error writing stats to Postgres: Can't get JDBC type for struct<start:timestamp,end:timestamp>.
Successfully wrote batch 955 to activity_logs
Successfully wrote batch 956 to activity_logs
Successfully wrote batch 957 to activity_logs
Error writing stats to Postgres: Can't get JDBC type for struct<start:timestamp,end:timestamp>.
Successfully wrote batch 958 to activity_logs
Successfully wrote batch 959 to activity_logs
Successfully wrote batch 960 to activity_logs
Error writing stats to Postgres: Can't get JDBC type for struct<start:timestamp,end:timestamp>.
Successfully wrote batch 961 to activity_logs
Successfully wrote batch 962 to activity_logs
Successfully wrote batch 963 to activity_logs
Error writing stats to Postgres: Can't get JDBC type for struct<start:timestamp,end:timestamp>.
Successfully wrote batch 964 to activity_logs
Successfully wrote batch 965 to activity_logs
Successfully wrote batch 966 to activity_logs
Error writing stats to Postgres: Can't get JDBC type for struct<start:timestamp,end:timestamp>.
Successfully wrote batch 967 to activity_logs
Successfully wrote batch 968 to activity_logs
Successfully wrote batch 969 to activity_logs
Error writing stats to Postgres: Can't get JDBC type for struct<start:timestamp,end:timestamp>.
Successfully wrote batch 970 to activity_logs
Successfully wrote batch 971 to activity_logs
Successfully wrote batch 972 to activity_logs
Error writing stats to Postgres: Can't get JDBC type for struct<start:timestamp,end:timestamp>.
Successfully wrote batch 973 to activity_logs
Successfully wrote batch 974 to activity_logs
Successfully wrote batch 975 to activity_logs
Successfully wrote batch 976 to activity_logs
Error writing stats to Postgres: Can't get JDBC type for struct<start:timestamp,end:timestamp>.
Successfully wrote batch 977 to activity_logs
Successfully wrote batch 978 to activity_logs
Successfully wrote batch 979 to activity_logs
Error writing stats to Postgres: Can't get JDBC type for struct<start:timestamp,end:timestamp>.
Successfully wrote batch 980 to activity_logs
Successfully wrote batch 981 to activity_logs
Successfully wrote batch 982 to activity_logs
Successfully wrote batch 983 to activity_logs
Error writing stats to Postgres: Can't get JDBC type for struct<start:timestamp,end:timestamp>.
Successfully wrote batch 984 to activity_logs
Successfully wrote batch 985 to activity_logs
Successfully wrote batch 986 to activity_logs
Error writing stats to Postgres: Can't get JDBC type for struct<start:timestamp,end:timestamp>.
Successfully wrote batch 987 to activity_logs
Successfully wrote batch 988 to activity_logs
Successfully wrote batch 989 to activity_logs
Error writing stats to Postgres: Can't get JDBC type for struct<start:timestamp,end:timestamp>.
Successfully wrote batch 990 to activity_logs
Successfully wrote batch 991 to activity_logs
Successfully wrote batch 992 to activity_logs
Error writing stats to Postgres: Can't get JDBC type for struct<start:timestamp,end:timestamp>.
Successfully wrote batch 993 to activity_logs
Successfully wrote batch 994 to activity_logs
Successfully wrote batch 995 to activity_logs
Error writing stats to Postgres: Can't get JDBC type for struct<start:timestamp,end:timestamp>.
Successfully wrote batch 996 to activity_logs
Successfully wrote batch 997 to activity_logs
Successfully wrote batch 998 to activity_logs
Error writing stats to Postgres: Can't get JDBC type for struct<start:timestamp,end:timestamp>.
Successfully wrote batch 999 to activity_logs
Successfully wrote batch 1000 to activity_logs
Successfully wrote batch 1001 to activity_logs
Error writing stats to Postgres: Can't get JDBC type for struct<start:timestamp,end:timestamp>.
Successfully wrote batch 1002 to activity_logs
Successfully wrote batch 1003 to activity_logs
Successfully wrote batch 1004 to activity_logs
Successfully wrote batch 1005 to activity_logs
Error writing stats to Postgres: Can't get JDBC type for struct<start:timestamp,end:timestamp>.
Successfully wrote batch 1006 to activity_logs
Successfully wrote batch 1007 to activity_logs
Successfully wrote batch 1008 to activity_logs
Error writing stats to Postgres: Can't get JDBC type for struct<start:timestamp,end:timestamp>.
Successfully wrote batch 1009 to activity_logs
Successfully wrote batch 1010 to activity_logs
Successfully wrote batch 1011 to activity_logs
Error writing stats to Postgres: Can't get JDBC type for struct<start:timestamp,end:timestamp>.
Successfully wrote batch 1012 to activity_logs
Successfully wrote batch 1013 to activity_logs
Successfully wrote batch 1014 to activity_logs
Error writing stats to Postgres: Can't get JDBC type for struct<start:timestamp,end:timestamp>.
Successfully wrote batch 1015 to activity_logs
Successfully wrote batch 1016 to activity_logs
Successfully wrote batch 1017 to activity_logs
Error writing stats to Postgres: Can't get JDBC type for struct<start:timestamp,end:timestamp>.
Successfully wrote batch 1018 to activity_logs
Successfully wrote batch 1019 to activity_logs
Successfully wrote batch 1020 to activity_logs
Error writing stats to Postgres: Can't get JDBC type for struct<start:timestamp,end:timestamp>.
Successfully wrote batch 1021 to activity_logs
Successfully wrote batch 1022 to activity_logs
Successfully wrote batch 1023 to activity_logs
Successfully wrote batch 1024 to activity_logs
Error writing stats to Postgres: Can't get JDBC type for struct<start:timestamp,end:timestamp>.
Successfully wrote batch 1025 to activity_logs
Successfully wrote batch 1026 to activity_logs
Successfully wrote batch 1027 to activity_logs
Error writing stats to Postgres: Can't get JDBC type for struct<start:timestamp,end:timestamp>.
Successfully wrote batch 1028 to activity_logs
Successfully wrote batch 1029 to activity_logs
Successfully wrote batch 1030 to activity_logs
Error writing stats to Postgres: Can't get JDBC type for struct<start:timestamp,end:timestamp>.
Successfully wrote batch 1031 to activity_logs
Successfully wrote batch 1032 to activity_logs
Successfully wrote batch 1033 to activity_logs
Error writing stats to Postgres: Can't get JDBC type for struct<start:timestamp,end:timestamp>.
Successfully wrote batch 1034 to activity_logs
Successfully wrote batch 1035 to activity_logs
Successfully wrote batch 1036 to activity_logs
Error writing stats to Postgres: Can't get JDBC type for struct<start:timestamp,end:timestamp>.
Successfully wrote batch 1037 to activity_logs
Successfully wrote batch 1038 to activity_logs
Successfully wrote batch 1039 to activity_logs
Error writing stats to Postgres: Can't get JDBC type for struct<start:timestamp,end:timestamp>.
Successfully wrote batch 1040 to activity_logs
Successfully wrote batch 1041 to activity_logs
Successfully wrote batch 1042 to activity_logs
Error writing stats to Postgres: Can't get JDBC type for struct<start:timestamp,end:timestamp>.
Successfully wrote batch 1043 to activity_logs
Successfully wrote batch 1044 to activity_logs
Successfully wrote batch 1045 to activity_logs
Error writing stats to Postgres: Can't get JDBC type for struct<start:timestamp,end:timestamp>.
Successfully wrote batch 1046 to activity_logs
Successfully wrote batch 1047 to activity_logs
Successfully wrote batch 1048 to activity_logs
Successfully wrote batch 1049 to activity_logs
Error writing stats to Postgres: Can't get JDBC type for struct<start:timestamp,end:timestamp>.
Successfully wrote batch 1050 to activity_logs
Successfully wrote batch 1051 to activity_logs
Successfully wrote batch 1052 to activity_logs
Error writing stats to Postgres: Can't get JDBC type for struct<start:timestamp,end:timestamp>.
Successfully wrote batch 1053 to activity_logs
Successfully wrote batch 1054 to activity_logs
Successfully wrote batch 1055 to activity_logs
Error writing stats to Postgres: Can't get JDBC type for struct<start:timestamp,end:timestamp>.
Successfully wrote batch 1056 to activity_logs
Successfully wrote batch 1057 to activity_logs
Successfully wrote batch 1058 to activity_logs
Error writing stats to Postgres: Can't get JDBC type for struct<start:timestamp,end:timestamp>.
Successfully wrote batch 1059 to activity_logs
Successfully wrote batch 1060 to activity_logs
Successfully wrote batch 1061 to activity_logs
Error writing stats to Postgres: Can't get JDBC type for struct<start:timestamp,end:timestamp>.
Successfully wrote batch 1062 to activity_logs
Successfully wrote batch 1063 to activity_logs
Successfully wrote batch 1064 to activity_logs
Error writing stats to Postgres: Can't get JDBC type for struct<start:timestamp,end:timestamp>.
Successfully wrote batch 1065 to activity_logs
Successfully wrote batch 1066 to activity_logs
Successfully wrote batch 1067 to activity_logs
Error writing stats to Postgres: Can't get JDBC type for struct<start:timestamp,end:timestamp>.
Successfully wrote batch 1068 to activity_logs
Successfully wrote batch 1069 to activity_logs
Successfully wrote batch 1070 to activity_logs
Error writing stats to Postgres: Can't get JDBC type for struct<start:timestamp,end:timestamp>.
Successfully wrote batch 1071 to activity_logs
Successfully wrote batch 1072 to activity_logs
Successfully wrote batch 1073 to activity_logs
Error writing stats to Postgres: Can't get JDBC type for struct<start:timestamp,end:timestamp>.
Successfully wrote batch 1074 to activity_logs
Successfully wrote batch 1075 to activity_logs
Successfully wrote batch 1076 to activity_logs
Error writing stats to Postgres: Can't get JDBC type for struct<start:timestamp,end:timestamp>.
Successfully wrote batch 1077 to activity_logs
Successfully wrote batch 1078 to activity_logs
Successfully wrote batch 1079 to activity_logs
Error writing stats to Postgres: Can't get JDBC type for struct<start:timestamp,end:timestamp>.
Successfully wrote batch 1080 to activity_logs
Successfully wrote batch 1081 to activity_logs
Successfully wrote batch 1082 to activity_logs
Error writing stats to Postgres: Can't get JDBC type for struct<start:timestamp,end:timestamp>.
Successfully wrote batch 1083 to activity_logs
Successfully wrote batch 1084 to activity_logs
Successfully wrote batch 1085 to activity_logs
Error writing stats to Postgres: Can't get JDBC type for struct<start:timestamp,end:timestamp>.
Successfully wrote batch 1086 to activity_logs
Successfully wrote batch 1087 to activity_logs
Successfully wrote batch 1088 to activity_logs
Error writing stats to Postgres: Can't get JDBC type for struct<start:timestamp,end:timestamp>.
Successfully wrote batch 1089 to activity_logs
Successfully wrote batch 1090 to activity_logs
Successfully wrote batch 1091 to activity_logs
Error writing stats to Postgres: Can't get JDBC type for struct<start:timestamp,end:timestamp>.
Successfully wrote batch 1092 to activity_logs
Successfully wrote batch 1093 to activity_logs
Successfully wrote batch 1094 to activity_logs
Error writing stats to Postgres: Can't get JDBC type for struct<start:timestamp,end:timestamp>.
Successfully wrote batch 1095 to activity_logs
Successfully wrote batch 1096 to activity_logs
Successfully wrote batch 1097 to activity_logs
Error writing stats to Postgres: Can't get JDBC type for struct<start:timestamp,end:timestamp>.
Successfully wrote batch 1098 to activity_logs
Successfully wrote batch 1099 to activity_logs
Successfully wrote batch 1100 to activity_logs
Error writing stats to Postgres: Can't get JDBC type for struct<start:timestamp,end:timestamp>.
Successfully wrote batch 1101 to activity_logs
Successfully wrote batch 1102 to activity_logs
Successfully wrote batch 1103 to activity_logs
Error writing stats to Postgres: Can't get JDBC type for struct<start:timestamp,end:timestamp>.
Successfully wrote batch 1104 to activity_logs
Successfully wrote batch 1105 to activity_logs
Successfully wrote batch 1106 to activity_logs
Error writing stats to Postgres: Can't get JDBC type for struct<start:timestamp,end:timestamp>.
Successfully wrote batch 1107 to activity_logs
Successfully wrote batch 1108 to activity_logs
Successfully wrote batch 1109 to activity_logs
Error writing stats to Postgres: Can't get JDBC type for struct<start:timestamp,end:timestamp>.
Successfully wrote batch 1110 to activity_logs
Successfully wrote batch 1111 to activity_logs
Successfully wrote batch 1112 to activity_logs
Successfully wrote batch 1113 to activity_logs
Error writing stats to Postgres: Can't get JDBC type for struct<start:timestamp,end:timestamp>.
Successfully wrote batch 1114 to activity_logs
Successfully wrote batch 1115 to activity_logs
Successfully wrote batch 1116 to activity_logs
Error writing stats to Postgres: Can't get JDBC type for struct<start:timestamp,end:timestamp>.
Successfully wrote batch 1117 to activity_logs
Successfully wrote batch 1118 to activity_logs
Successfully wrote batch 1119 to activity_logs
Error writing stats to Postgres: Can't get JDBC type for struct<start:timestamp,end:timestamp>.
Successfully wrote batch 1120 to activity_logs
Successfully wrote batch 1121 to activity_logs
Successfully wrote batch 1122 to activity_logs
Error writing stats to Postgres: Can't get JDBC type for struct<start:timestamp,end:timestamp>.
Successfully wrote batch 1123 to activity_logs
Successfully wrote batch 1124 to activity_logs
Successfully wrote batch 1125 to activity_logs
Error writing stats to Postgres: Can't get JDBC type for struct<start:timestamp,end:timestamp>.
Successfully wrote batch 1126 to activity_logs
Successfully wrote batch 1127 to activity_logs
Successfully wrote batch 1128 to activity_logs
Error writing stats to Postgres: Can't get JDBC type for struct<start:timestamp,end:timestamp>.
Successfully wrote batch 1129 to activity_logs
Successfully wrote batch 1130 to activity_logs
Successfully wrote batch 1131 to activity_logs
Successfully wrote batch 1132 to activity_logs
Error writing stats to Postgres: Can't get JDBC type for struct<start:timestamp,end:timestamp>.
Successfully wrote batch 1133 to activity_logs
Successfully wrote batch 1134 to activity_logs
Successfully wrote batch 1135 to activity_logs
Error writing stats to Postgres: Can't get JDBC type for struct<start:timestamp,end:timestamp>.
Successfully wrote batch 1136 to activity_logs
Successfully wrote batch 1137 to activity_logs
Successfully wrote batch 1138 to activity_logs
Error writing stats to Postgres: Can't get JDBC type for struct<start:timestamp,end:timestamp>.
Successfully wrote batch 1139 to activity_logs
Successfully wrote batch 1140 to activity_logs
Successfully wrote batch 1141 to activity_logs
Error writing stats to Postgres: Can't get JDBC type for struct<start:timestamp,end:timestamp>.
Successfully wrote batch 1142 to activity_logs
Successfully wrote batch 1143 to activity_logs
Successfully wrote batch 1144 to activity_logs
Error writing stats to Postgres: Can't get JDBC type for struct<start:timestamp,end:timestamp>.
Successfully wrote batch 1145 to activity_logs
Successfully wrote batch 1146 to activity_logs
Successfully wrote batch 1147 to activity_logs
Successfully wrote batch 1148 to activity_logs
Error writing stats to Postgres: Can't get JDBC type for struct<start:timestamp,end:timestamp>.
Successfully wrote batch 1149 to activity_logs
Successfully wrote batch 1150 to activity_logs
Successfully wrote batch 1151 to activity_logs
Successfully wrote batch 1152 to activity_logs
Error writing stats to Postgres: Can't get JDBC type for struct<start:timestamp,end:timestamp>.
Successfully wrote batch 1153 to activity_logs
Successfully wrote batch 1154 to activity_logs
Successfully wrote batch 1155 to activity_logs
Error writing stats to Postgres: Can't get JDBC type for struct<start:timestamp,end:timestamp>.
Successfully wrote batch 1156 to activity_logs
Successfully wrote batch 1157 to activity_logs
Successfully wrote batch 1158 to activity_logs
Error writing stats to Postgres: Can't get JDBC type for struct<start:timestamp,end:timestamp>.
Successfully wrote batch 1159 to activity_logs
Successfully wrote batch 1160 to activity_logs
Successfully wrote batch 1161 to activity_logs
Successfully wrote batch 1162 to activity_logs
Error writing stats to Postgres: Can't get JDBC type for struct<start:timestamp,end:timestamp>.
Successfully wrote batch 1163 to activity_logs
Successfully wrote batch 1164 to activity_logs
Successfully wrote batch 1165 to activity_logs
Error writing stats to Postgres: Can't get JDBC type for struct<start:timestamp,end:timestamp>.
Successfully wrote batch 1166 to activity_logs
Successfully wrote batch 1167 to activity_logs
Successfully wrote batch 1168 to activity_logs
Error writing stats to Postgres: Can't get JDBC type for struct<start:timestamp,end:timestamp>.
Successfully wrote batch 1169 to activity_logs
Successfully wrote batch 1170 to activity_logs
Successfully wrote batch 1171 to activity_logs
Error writing stats to Postgres: Can't get JDBC type for struct<start:timestamp,end:timestamp>.
Successfully wrote batch 1172 to activity_logs
Successfully wrote batch 1173 to activity_logs
Successfully wrote batch 1174 to activity_logs
Error writing stats to Postgres: Can't get JDBC type for struct<start:timestamp,end:timestamp>.
Successfully wrote batch 1175 to activity_logs
Successfully wrote batch 1176 to activity_logs
Successfully wrote batch 1177 to activity_logs
Successfully wrote batch 1178 to activity_logs
Error writing stats to Postgres: Can't get JDBC type for struct<start:timestamp,end:timestamp>.
Successfully wrote batch 1179 to activity_logs
Successfully wrote batch 1180 to activity_logs
Successfully wrote batch 1181 to activity_logs
Error writing stats to Postgres: Can't get JDBC type for struct<start:timestamp,end:timestamp>.
Successfully wrote batch 1182 to activity_logs
Successfully wrote batch 1183 to activity_logs
Successfully wrote batch 1184 to activity_logs
Successfully wrote batch 1185 to activity_logs
Error writing stats to Postgres: Can't get JDBC type for struct<start:timestamp,end:timestamp>.
Successfully wrote batch 1186 to activity_logs
Successfully wrote batch 1187 to activity_logs
Successfully wrote batch 1188 to activity_logs
Error writing stats to Postgres: Can't get JDBC type for struct<start:timestamp,end:timestamp>.
Successfully wrote batch 1189 to activity_logs
Successfully wrote batch 1190 to activity_logs
Successfully wrote batch 1191 to activity_logs
Error writing stats to Postgres: Can't get JDBC type for struct<start:timestamp,end:timestamp>.
Successfully wrote batch 1192 to activity_logs
Successfully wrote batch 1193 to activity_logs
Successfully wrote batch 1194 to activity_logs
Error writing stats to Postgres: Can't get JDBC type for struct<start:timestamp,end:timestamp>.
Successfully wrote batch 1195 to activity_logs
Successfully wrote batch 1196 to activity_logs
Successfully wrote batch 1197 to activity_logs
Successfully wrote batch 1198 to activity_logs
Error writing stats to Postgres: Can't get JDBC type for struct<start:timestamp,end:timestamp>.
Successfully wrote batch 1199 to activity_logs
Successfully wrote batch 1200 to activity_logs
Successfully wrote batch 1201 to activity_logs
Error writing stats to Postgres: Can't get JDBC type for struct<start:timestamp,end:timestamp>.
Successfully wrote batch 1202 to activity_logs
Successfully wrote batch 1203 to activity_logs
Successfully wrote batch 1204 to activity_logs
Error writing stats to Postgres: Can't get JDBC type for struct<start:timestamp,end:timestamp>.
Successfully wrote batch 1205 to activity_logs
Successfully wrote batch 1206 to activity_logs
Successfully wrote batch 1207 to activity_logs
Error writing stats to Postgres: Can't get JDBC type for struct<start:timestamp,end:timestamp>.
Successfully wrote batch 1208 to activity_logs
Successfully wrote batch 1209 to activity_logs
Successfully wrote batch 1210 to activity_logs
Error writing stats to Postgres: Can't get JDBC type for struct<start:timestamp,end:timestamp>.
Successfully wrote batch 1211 to activity_logs
Successfully wrote batch 1212 to activity_logs
Successfully wrote batch 1213 to activity_logs
Error writing stats to Postgres: Can't get JDBC type for struct<start:timestamp,end:timestamp>.
Successfully wrote batch 1214 to activity_logs
Successfully wrote batch 1215 to activity_logs
Successfully wrote batch 1216 to activity_logs
Error writing stats to Postgres: Can't get JDBC type for struct<start:timestamp,end:timestamp>.
Successfully wrote batch 1217 to activity_logs
Successfully wrote batch 1218 to activity_logs
Successfully wrote batch 1219 to activity_logs
Error writing stats to Postgres: Can't get JDBC type for struct<start:timestamp,end:timestamp>.
Successfully wrote batch 1220 to activity_logs
Successfully wrote batch 1221 to activity_logs
Successfully wrote batch 1222 to activity_logs
Error writing stats to Postgres: Can't get JDBC type for struct<start:timestamp,end:timestamp>.
Successfully wrote batch 1223 to activity_logs
Successfully wrote batch 1224 to activity_logs
Successfully wrote batch 1225 to activity_logs
Error writing stats to Postgres: Can't get JDBC type for struct<start:timestamp,end:timestamp>.
Successfully wrote batch 1226 to activity_logs
Successfully wrote batch 1227 to activity_logs
Successfully wrote batch 1228 to activity_logs
Successfully wrote batch 1229 to activity_logs
Error writing stats to Postgres: Can't get JDBC type for struct<start:timestamp,end:timestamp>.
Successfully wrote batch 1230 to activity_logs
Successfully wrote batch 1231 to activity_logs
Successfully wrote batch 1232 to activity_logs
Error writing stats to Postgres: Can't get JDBC type for struct<start:timestamp,end:timestamp>.
Successfully wrote batch 1233 to activity_logs
Successfully wrote batch 1234 to activity_logs
Successfully wrote batch 1235 to activity_logs
Error writing stats to Postgres: Can't get JDBC type for struct<start:timestamp,end:timestamp>.
Successfully wrote batch 1236 to activity_logs
Successfully wrote batch 1237 to activity_logs
Successfully wrote batch 1238 to activity_logs
Error writing stats to Postgres: Can't get JDBC type for struct<start:timestamp,end:timestamp>.
Successfully wrote batch 1239 to activity_logs
Successfully wrote batch 1240 to activity_logs
Successfully wrote batch 1241 to activity_logs
Error writing stats to Postgres: Can't get JDBC type for struct<start:timestamp,end:timestamp>.
Successfully wrote batch 1242 to activity_logs
Successfully wrote batch 1243 to activity_logs
Successfully wrote batch 1244 to activity_logs
Successfully wrote batch 1245 to activity_logs
Error writing stats to Postgres: Can't get JDBC type for struct<start:timestamp,end:timestamp>.
Successfully wrote batch 1246 to activity_logs
Successfully wrote batch 1247 to activity_logs
Successfully wrote batch 1248 to activity_logs
Error writing stats to Postgres: Can't get JDBC type for struct<start:timestamp,end:timestamp>.
Successfully wrote batch 1249 to activity_logs
Successfully wrote batch 1250 to activity_logs
Successfully wrote batch 1251 to activity_logs
Successfully wrote batch 1252 to activity_logs
Error writing stats to Postgres: Can't get JDBC type for struct<start:timestamp,end:timestamp>.
Successfully wrote batch 1253 to activity_logs
Successfully wrote batch 1254 to activity_logs
Successfully wrote batch 1255 to activity_logs
Error writing stats to Postgres: Can't get JDBC type for struct<start:timestamp,end:timestamp>.
Successfully wrote batch 1256 to activity_logs
Successfully wrote batch 1257 to activity_logs
Successfully wrote batch 1258 to activity_logs
Error writing stats to Postgres: Can't get JDBC type for struct<start:timestamp,end:timestamp>.
Successfully wrote batch 1259 to activity_logs
Successfully wrote batch 1260 to activity_logs
Successfully wrote batch 1261 to activity_logs
Error writing stats to Postgres: Can't get JDBC type for struct<start:timestamp,end:timestamp>.
Successfully wrote batch 1262 to activity_logs
Successfully wrote batch 1263 to activity_logs
Successfully wrote batch 1264 to activity_logs
Error writing stats to Postgres: Can't get JDBC type for struct<start:timestamp,end:timestamp>.
Successfully wrote batch 1265 to activity_logs
Successfully wrote batch 1266 to activity_logs
Successfully wrote batch 1267 to activity_logs
Error writing stats to Postgres: Can't get JDBC type for struct<start:timestamp,end:timestamp>.
Successfully wrote batch 1268 to activity_logs
Successfully wrote batch 1269 to activity_logs
Successfully wrote batch 1270 to activity_logs
Error writing stats to Postgres: Can't get JDBC type for struct<start:timestamp,end:timestamp>.
Successfully wrote batch 1271 to activity_logs
Successfully wrote batch 1272 to activity_logs
Successfully wrote batch 1273 to activity_logs
Error writing stats to Postgres: Can't get JDBC type for struct<start:timestamp,end:timestamp>.
Successfully wrote batch 1274 to activity_logs
Successfully wrote batch 1275 to activity_logs
Successfully wrote batch 1276 to activity_logs
Error writing stats to Postgres: Can't get JDBC type for struct<start:timestamp,end:timestamp>.
Successfully wrote batch 1277 to activity_logs
Successfully wrote batch 1278 to activity_logs
Successfully wrote batch 1279 to activity_logs
Error writing stats to Postgres: Can't get JDBC type for struct<start:timestamp,end:timestamp>.
Successfully wrote batch 1280 to activity_logs
Successfully wrote batch 1281 to activity_logs
Successfully wrote batch 1282 to activity_logs
Error writing stats to Postgres: Can't get JDBC type for struct<start:timestamp,end:timestamp>.
Successfully wrote batch 1283 to activity_logs
Successfully wrote batch 1284 to activity_logs
Successfully wrote batch 1285 to activity_logs
Error writing stats to Postgres: Can't get JDBC type for struct<start:timestamp,end:timestamp>.
Successfully wrote batch 1286 to activity_logs
Successfully wrote batch 1287 to activity_logs
Successfully wrote batch 1288 to activity_logs
Error writing stats to Postgres: Can't get JDBC type for struct<start:timestamp,end:timestamp>.
Successfully wrote batch 1289 to activity_logs
Successfully wrote batch 1290 to activity_logs
Successfully wrote batch 1291 to activity_logs
Error writing stats to Postgres: Can't get JDBC type for struct<start:timestamp,end:timestamp>.
Successfully wrote batch 1292 to activity_logs
Successfully wrote batch 1293 to activity_logs
Successfully wrote batch 1294 to activity_logs
Error writing stats to Postgres: Can't get JDBC type for struct<start:timestamp,end:timestamp>.
Successfully wrote batch 1295 to activity_logs
Successfully wrote batch 1296 to activity_logs
Successfully wrote batch 1297 to activity_logs
Error writing stats to Postgres: Can't get JDBC type for struct<start:timestamp,end:timestamp>.
Successfully wrote batch 1298 to activity_logs
Successfully wrote batch 1299 to activity_logs
Successfully wrote batch 1300 to activity_logs
Error writing stats to Postgres: Can't get JDBC type for struct<start:timestamp,end:timestamp>.
Successfully wrote batch 1301 to activity_logs
Successfully wrote batch 1302 to activity_logs
Successfully wrote batch 1303 to activity_logs
Error writing stats to Postgres: Can't get JDBC type for struct<start:timestamp,end:timestamp>.
Successfully wrote batch 1304 to activity_logs
Successfully wrote batch 1305 to activity_logs
Successfully wrote batch 1306 to activity_logs
Error writing stats to Postgres: Can't get JDBC type for struct<start:timestamp,end:timestamp>.
Successfully wrote batch 1307 to activity_logs
Successfully wrote batch 1308 to activity_logs
Successfully wrote batch 1309 to activity_logs
Successfully wrote batch 1310 to activity_logs
Error writing stats to Postgres: Can't get JDBC type for struct<start:timestamp,end:timestamp>.
Successfully wrote batch 1311 to activity_logs
Successfully wrote batch 1312 to activity_logs
Successfully wrote batch 1313 to activity_logs
Error writing stats to Postgres: Can't get JDBC type for struct<start:timestamp,end:timestamp>.
Successfully wrote batch 1314 to activity_logs
Successfully wrote batch 1315 to activity_logs
Successfully wrote batch 1316 to activity_logs
Error writing stats to Postgres: Can't get JDBC type for struct<start:timestamp,end:timestamp>.
Successfully wrote batch 1317 to activity_logs
Successfully wrote batch 1318 to activity_logs
Successfully wrote batch 1319 to activity_logs
Error writing stats to Postgres: Can't get JDBC type for struct<start:timestamp,end:timestamp>.
Successfully wrote batch 1320 to activity_logs
Successfully wrote batch 1321 to activity_logs
Successfully wrote batch 1322 to activity_logs
Error writing stats to Postgres: Can't get JDBC type for struct<start:timestamp,end:timestamp>.
Successfully wrote batch 1323 to activity_logs
Successfully wrote batch 1324 to activity_logs
Successfully wrote batch 1325 to activity_logs
Error writing stats to Postgres: Can't get JDBC type for struct<start:timestamp,end:timestamp>.
Successfully wrote batch 1326 to activity_logs
Successfully wrote batch 1327 to activity_logs
Successfully wrote batch 1328 to activity_logs
Error writing stats to Postgres: Can't get JDBC type for struct<start:timestamp,end:timestamp>.
Successfully wrote batch 1329 to activity_logs
Successfully wrote batch 1330 to activity_logs
Successfully wrote batch 1331 to activity_logs
Error writing stats to Postgres: Can't get JDBC type for struct<start:timestamp,end:timestamp>.
Successfully wrote batch 1332 to activity_logs
Successfully wrote batch 1333 to activity_logs
Successfully wrote batch 1334 to activity_logs
Error writing stats to Postgres: Can't get JDBC type for struct<start:timestamp,end:timestamp>.
Successfully wrote batch 1335 to activity_logs
Successfully wrote batch 1336 to activity_logs
Successfully wrote batch 1337 to activity_logs
Error writing stats to Postgres: Can't get JDBC type for struct<start:timestamp,end:timestamp>.
Successfully wrote batch 1338 to activity_logs
Successfully wrote batch 1339 to activity_logs
Successfully wrote batch 1340 to activity_logs
Error writing stats to Postgres: Can't get JDBC type for struct<start:timestamp,end:timestamp>.
Successfully wrote batch 1341 to activity_logs
Successfully wrote batch 1342 to activity_logs
Successfully wrote batch 1343 to activity_logs
Successfully wrote batch 1344 to activity_logs
Error writing stats to Postgres: Can't get JDBC type for struct<start:timestamp,end:timestamp>.
Successfully wrote batch 1345 to activity_logs
Successfully wrote batch 1346 to activity_logs
Successfully wrote batch 1347 to activity_logs
Error writing stats to Postgres: Can't get JDBC type for struct<start:timestamp,end:timestamp>.
Successfully wrote batch 1348 to activity_logs
Successfully wrote batch 1349 to activity_logs
Successfully wrote batch 1350 to activity_logs
Error writing stats to Postgres: Can't get JDBC type for struct<start:timestamp,end:timestamp>.
Successfully wrote batch 1351 to activity_logs
Successfully wrote batch 1352 to activity_logs
Successfully wrote batch 1353 to activity_logs
Error writing stats to Postgres: Can't get JDBC type for struct<start:timestamp,end:timestamp>.
Successfully wrote batch 1354 to activity_logs
Successfully wrote batch 1355 to activity_logs
Successfully wrote batch 1356 to activity_logs
Error writing stats to Postgres: Can't get JDBC type for struct<start:timestamp,end:timestamp>.
Successfully wrote batch 1357 to activity_logs
Successfully wrote batch 1358 to activity_logs
Successfully wrote batch 1359 to activity_logs
Error writing stats to Postgres: Can't get JDBC type for struct<start:timestamp,end:timestamp>.
Successfully wrote batch 1360 to activity_logs
Successfully wrote batch 1361 to activity_logs
Successfully wrote batch 1362 to activity_logs
Error writing stats to Postgres: Can't get JDBC type for struct<start:timestamp,end:timestamp>.
Successfully wrote batch 1363 to activity_logs
Successfully wrote batch 1364 to activity_logs
Successfully wrote batch 1365 to activity_logs
Error writing stats to Postgres: Can't get JDBC type for struct<start:timestamp,end:timestamp>.
Successfully wrote batch 1366 to activity_logs
Successfully wrote batch 1367 to activity_logs
Successfully wrote batch 1368 to activity_logs
Successfully wrote batch 1369 to activity_logs
Error writing stats to Postgres: Can't get JDBC type for struct<start:timestamp,end:timestamp>.
Successfully wrote batch 1370 to activity_logs
Successfully wrote batch 1371 to activity_logs
Successfully wrote batch 1372 to activity_logs
Error writing stats to Postgres: Can't get JDBC type for struct<start:timestamp,end:timestamp>.
Successfully wrote batch 1373 to activity_logs
Successfully wrote batch 1374 to activity_logs
Successfully wrote batch 1375 to activity_logs
Error writing stats to Postgres: Can't get JDBC type for struct<start:timestamp,end:timestamp>.
Successfully wrote batch 1376 to activity_logs
Successfully wrote batch 1377 to activity_logs
Successfully wrote batch 1378 to activity_logs
Error writing stats to Postgres: Can't get JDBC type for struct<start:timestamp,end:timestamp>.
Successfully wrote batch 1379 to activity_logs
Successfully wrote batch 1380 to activity_logs
Successfully wrote batch 1381 to activity_logs
Error writing stats to Postgres: Can't get JDBC type for struct<start:timestamp,end:timestamp>.
Successfully wrote batch 1382 to activity_logs
Successfully wrote batch 1383 to activity_logs
Successfully wrote batch 1384 to activity_logs
Successfully wrote batch 1385 to activity_logs
Error writing stats to Postgres: Can't get JDBC type for struct<start:timestamp,end:timestamp>.
Successfully wrote batch 1386 to activity_logs
Successfully wrote batch 1387 to activity_logs
Successfully wrote batch 1388 to activity_logs
Error writing stats to Postgres: Can't get JDBC type for struct<start:timestamp,end:timestamp>.
Successfully wrote batch 1389 to activity_logs
Successfully wrote batch 1390 to activity_logs
Successfully wrote batch 1391 to activity_logs
Successfully wrote batch 1392 to activity_logs
Error writing stats to Postgres: Can't get JDBC type for struct<start:timestamp,end:timestamp>.
Successfully wrote batch 1393 to activity_logs
Successfully wrote batch 1394 to activity_logs
Successfully wrote batch 1395 to activity_logs
Error writing stats to Postgres: Can't get JDBC type for struct<start:timestamp,end:timestamp>.
Successfully wrote batch 1396 to activity_logs
Successfully wrote batch 1397 to activity_logs
Successfully wrote batch 1398 to activity_logs
Error writing stats to Postgres: Can't get JDBC type for struct<start:timestamp,end:timestamp>.
Successfully wrote batch 1399 to activity_logs
Successfully wrote batch 1400 to activity_logs
Successfully wrote batch 1401 to activity_logs
Error writing stats to Postgres: Can't get JDBC type for struct<start:timestamp,end:timestamp>.
Successfully wrote batch 1402 to activity_logs
Successfully wrote batch 1403 to activity_logs
Successfully wrote batch 1404 to activity_logs
Successfully wrote batch 1405 to activity_logs
Error writing stats to Postgres: Can't get JDBC type for struct<start:timestamp,end:timestamp>.
Successfully wrote batch 1406 to activity_logs
Successfully wrote batch 1407 to activity_logs
Successfully wrote batch 1408 to activity_logs
Error writing stats to Postgres: Can't get JDBC type for struct<start:timestamp,end:timestamp>.
Successfully wrote batch 1409 to activity_logs
Successfully wrote batch 1410 to activity_logs
Successfully wrote batch 1411 to activity_logs
Error writing stats to Postgres: Can't get JDBC type for struct<start:timestamp,end:timestamp>.
Successfully wrote batch 1412 to activity_logs
Successfully wrote batch 1413 to activity_logs
Successfully wrote batch 1414 to activity_logs
Error writing stats to Postgres: Can't get JDBC type for struct<start:timestamp,end:timestamp>.
Successfully wrote batch 1415 to activity_logs
Successfully wrote batch 1416 to activity_logs
Successfully wrote batch 1417 to activity_logs
Error writing stats to Postgres: Can't get JDBC type for struct<start:timestamp,end:timestamp>.
Successfully wrote batch 1418 to activity_logs
Successfully wrote batch 1419 to activity_logs
Successfully wrote batch 1420 to activity_logs
Error writing stats to Postgres: Can't get JDBC type for struct<start:timestamp,end:timestamp>.
Successfully wrote batch 1421 to activity_logs
Successfully wrote batch 1422 to activity_logs
Successfully wrote batch 1423 to activity_logs
Error writing stats to Postgres: Can't get JDBC type for struct<start:timestamp,end:timestamp>.
Successfully wrote batch 1424 to activity_logs
Successfully wrote batch 1425 to activity_logs
Successfully wrote batch 1426 to activity_logs
Successfully wrote batch 1427 to activity_logs
Error writing stats to Postgres: Can't get JDBC type for struct<start:timestamp,end:timestamp>.
Successfully wrote batch 1428 to activity_logs
Successfully wrote batch 1429 to activity_logs
Successfully wrote batch 1430 to activity_logs
Error writing stats to Postgres: Can't get JDBC type for struct<start:timestamp,end:timestamp>.
Successfully wrote batch 1431 to activity_logs
Successfully wrote batch 1432 to activity_logs
Successfully wrote batch 1433 to activity_logs
Error writing stats to Postgres: Can't get JDBC type for struct<start:timestamp,end:timestamp>.
Successfully wrote batch 1434 to activity_logs
Successfully wrote batch 1435 to activity_logs
Successfully wrote batch 1436 to activity_logs
Successfully wrote batch 1437 to activity_logs
Error writing stats to Postgres: Can't get JDBC type for struct<start:timestamp,end:timestamp>.
Successfully wrote batch 1438 to activity_logs
Successfully wrote batch 1439 to activity_logs
Successfully wrote batch 1440 to activity_logs
Error writing stats to Postgres: Can't get JDBC type for struct<start:timestamp,end:timestamp>.
Successfully wrote batch 1441 to activity_logs
Successfully wrote batch 1442 to activity_logs
Successfully wrote batch 1443 to activity_logs
Error writing stats to Postgres: Can't get JDBC type for struct<start:timestamp,end:timestamp>.
Successfully wrote batch 1444 to activity_logs
Successfully wrote batch 1445 to activity_logs
Successfully wrote batch 1446 to activity_logs
Error writing stats to Postgres: Can't get JDBC type for struct<start:timestamp,end:timestamp>.
Successfully wrote batch 1447 to activity_logs
Successfully wrote batch 1448 to activity_logs
Successfully wrote batch 1449 to activity_logs
Error writing stats to Postgres: Can't get JDBC type for struct<start:timestamp,end:timestamp>.
Successfully wrote batch 1450 to activity_logs
Successfully wrote batch 1451 to activity_logs
Successfully wrote batch 1452 to activity_logs
Error writing stats to Postgres: Can't get JDBC type for struct<start:timestamp,end:timestamp>.
Successfully wrote batch 1453 to activity_logs
Successfully wrote batch 1454 to activity_logs
Successfully wrote batch 1455 to activity_logs
Error writing stats to Postgres: Can't get JDBC type for struct<start:timestamp,end:timestamp>.
Successfully wrote batch 1456 to activity_logs
Successfully wrote batch 1457 to activity_logs
Successfully wrote batch 1458 to activity_logs
Error writing stats to Postgres: Can't get JDBC type for struct<start:timestamp,end:timestamp>.
Successfully wrote batch 1459 to activity_logs
Successfully wrote batch 1460 to activity_logs
Successfully wrote batch 1461 to activity_logs
Error writing stats to Postgres: Can't get JDBC type for struct<start:timestamp,end:timestamp>.
Successfully wrote batch 1462 to activity_logs
Successfully wrote batch 1463 to activity_logs
Successfully wrote batch 1464 to activity_logs
Error writing stats to Postgres: Can't get JDBC type for struct<start:timestamp,end:timestamp>.
Successfully wrote batch 1465 to activity_logs
Successfully wrote batch 1466 to activity_logs
Successfully wrote batch 1467 to activity_logs
Error writing stats to Postgres: Can't get JDBC type for struct<start:timestamp,end:timestamp>.
Successfully wrote batch 1468 to activity_logs
Successfully wrote batch 1469 to activity_logs
Successfully wrote batch 1470 to activity_logs
Successfully wrote batch 1471 to activity_logs
Error writing stats to Postgres: Can't get JDBC type for struct<start:timestamp,end:timestamp>.
Successfully wrote batch 1472 to activity_logs
Successfully wrote batch 1473 to activity_logs
Successfully wrote batch 1474 to activity_logs
Error writing stats to Postgres: Can't get JDBC type for struct<start:timestamp,end:timestamp>.
Successfully wrote batch 1475 to activity_logs
Successfully wrote batch 1476 to activity_logs
Successfully wrote batch 1477 to activity_logs
Error writing stats to Postgres: Can't get JDBC type for struct<start:timestamp,end:timestamp>.
Successfully wrote batch 1478 to activity_logs
Successfully wrote batch 1479 to activity_logs
Successfully wrote batch 1480 to activity_logs
Error writing stats to Postgres: Can't get JDBC type for struct<start:timestamp,end:timestamp>.
Successfully wrote batch 1481 to activity_logs
Successfully wrote batch 1482 to activity_logs
Successfully wrote batch 1483 to activity_logs
Error writing stats to Postgres: Can't get JDBC type for struct<start:timestamp,end:timestamp>.
Successfully wrote batch 1484 to activity_logs
Successfully wrote batch 1485 to activity_logs
Successfully wrote batch 1486 to activity_logs
Error writing stats to Postgres: Can't get JDBC type for struct<start:timestamp,end:timestamp>.
Successfully wrote batch 1487 to activity_logs
Successfully wrote batch 1488 to activity_logs
Successfully wrote batch 1489 to activity_logs
Error writing stats to Postgres: Can't get JDBC type for struct<start:timestamp,end:timestamp>.
Successfully wrote batch 1490 to activity_logs
Successfully wrote batch 1491 to activity_logs
Successfully wrote batch 1492 to activity_logs
Error writing stats to Postgres: Can't get JDBC type for struct<start:timestamp,end:timestamp>.
Successfully wrote batch 1493 to activity_logs
Successfully wrote batch 1494 to activity_logs
Successfully wrote batch 1495 to activity_logs
Error writing stats to Postgres: Can't get JDBC type for struct<start:timestamp,end:timestamp>.
Successfully wrote batch 1496 to activity_logs
Successfully wrote batch 1497 to activity_logs
Successfully wrote batch 1498 to activity_logs
Successfully wrote batch 1499 to activity_logs
Error writing stats to Postgres: Can't get JDBC type for struct<start:timestamp,end:timestamp>.
Successfully wrote batch 1500 to activity_logs
Successfully wrote batch 1501 to activity_logs
Successfully wrote batch 1502 to activity_logs
Error writing stats to Postgres: Can't get JDBC type for struct<start:timestamp,end:timestamp>.
Successfully wrote batch 1503 to activity_logs
Successfully wrote batch 1504 to activity_logs
Successfully wrote batch 1505 to activity_logs
Error writing stats to Postgres: Can't get JDBC type for struct<start:timestamp,end:timestamp>.
Successfully wrote batch 1506 to activity_logs
Successfully wrote batch 1507 to activity_logs
Successfully wrote batch 1508 to activity_logs
Successfully wrote batch 1509 to activity_logs
Error writing stats to Postgres: Can't get JDBC type for struct<start:timestamp,end:timestamp>.
Successfully wrote batch 1510 to activity_logs
Successfully wrote batch 1511 to activity_logs
Successfully wrote batch 1512 to activity_logs
Successfully wrote batch 1513 to activity_logs
Error writing stats to Postgres: Can't get JDBC type for struct<start:timestamp,end:timestamp>.
Successfully wrote batch 1514 to activity_logs
Successfully wrote batch 1515 to activity_logs
Successfully wrote batch 1516 to activity_logs
Error writing stats to Postgres: Can't get JDBC type for struct<start:timestamp,end:timestamp>.
Successfully wrote batch 1517 to activity_logs
Successfully wrote batch 1518 to activity_logs
Successfully wrote batch 1519 to activity_logs
Successfully wrote batch 1520 to activity_logs
Error writing stats to Postgres: Can't get JDBC type for struct<start:timestamp,end:timestamp>.
Successfully wrote batch 1521 to activity_logs
Successfully wrote batch 1522 to activity_logs
Successfully wrote batch 1523 to activity_logs
Error writing stats to Postgres: Can't get JDBC type for struct<start:timestamp,end:timestamp>.
Successfully wrote batch 1524 to activity_logs
Successfully wrote batch 1525 to activity_logs
Successfully wrote batch 1526 to activity_logs
Error writing stats to Postgres: Can't get JDBC type for struct<start:timestamp,end:timestamp>.
Successfully wrote batch 1527 to activity_logs
Successfully wrote batch 1528 to activity_logs
Successfully wrote batch 1529 to activity_logs
Error writing stats to Postgres: Can't get JDBC type for struct<start:timestamp,end:timestamp>.
Successfully wrote batch 1530 to activity_logs
Successfully wrote batch 1531 to activity_logs
Successfully wrote batch 1532 to activity_logs
Error writing stats to Postgres: Can't get JDBC type for struct<start:timestamp,end:timestamp>.
Successfully wrote batch 1533 to activity_logs
Successfully wrote batch 1534 to activity_logs
Successfully wrote batch 1535 to activity_logs
Successfully wrote batch 1536 to activity_logs
Error writing stats to Postgres: Can't get JDBC type for struct<start:timestamp,end:timestamp>.
Successfully wrote batch 1537 to activity_logs
Successfully wrote batch 1538 to activity_logs
Successfully wrote batch 1539 to activity_logs
Error writing stats to Postgres: Can't get JDBC type for struct<start:timestamp,end:timestamp>.
Successfully wrote batch 1540 to activity_logs
Successfully wrote batch 1541 to activity_logs
Successfully wrote batch 1542 to activity_logs
Error writing stats to Postgres: Can't get JDBC type for struct<start:timestamp,end:timestamp>.
Successfully wrote batch 1543 to activity_logs
Successfully wrote batch 1544 to activity_logs
Successfully wrote batch 1545 to activity_logs
Error writing stats to Postgres: Can't get JDBC type for struct<start:timestamp,end:timestamp>.
Successfully wrote batch 1546 to activity_logs
Successfully wrote batch 1547 to activity_logs
Successfully wrote batch 1548 to activity_logs
Successfully wrote batch 1549 to activity_logs
Error writing stats to Postgres: Can't get JDBC type for struct<start:timestamp,end:timestamp>.
Successfully wrote batch 1550 to activity_logs
Successfully wrote batch 1551 to activity_logs
Successfully wrote batch 1552 to activity_logs
Error writing stats to Postgres: Can't get JDBC type for struct<start:timestamp,end:timestamp>.
Successfully wrote batch 1553 to activity_logs
Successfully wrote batch 1554 to activity_logs
Successfully wrote batch 1555 to activity_logs
Error writing stats to Postgres: Can't get JDBC type for struct<start:timestamp,end:timestamp>.
Successfully wrote batch 1556 to activity_logs
Successfully wrote batch 1557 to activity_logs
Successfully wrote batch 1558 to activity_logs
Successfully wrote batch 1559 to activity_logs
Error writing stats to Postgres: Can't get JDBC type for struct<start:timestamp,end:timestamp>.
Successfully wrote batch 1560 to activity_logs
Successfully wrote batch 1561 to activity_logs
Successfully wrote batch 1562 to activity_logs
Error writing stats to Postgres: Can't get JDBC type for struct<start:timestamp,end:timestamp>.
Successfully wrote batch 1563 to activity_logs
Successfully wrote batch 1564 to activity_logs
Successfully wrote batch 1565 to activity_logs
Error writing stats to Postgres: Can't get JDBC type for struct<start:timestamp,end:timestamp>.
Successfully wrote batch 1566 to activity_logs
Successfully wrote batch 1567 to activity_logs
Successfully wrote batch 1568 to activity_logs
Error writing stats to Postgres: Can't get JDBC type for struct<start:timestamp,end:timestamp>.
Successfully wrote batch 1569 to activity_logs
Successfully wrote batch 1570 to activity_logs
Successfully wrote batch 1571 to activity_logs
Error writing stats to Postgres: Can't get JDBC type for struct<start:timestamp,end:timestamp>.
Successfully wrote batch 1572 to activity_logs
Successfully wrote batch 1573 to activity_logs
Successfully wrote batch 1574 to activity_logs
Error writing stats to Postgres: Can't get JDBC type for struct<start:timestamp,end:timestamp>.
Successfully wrote batch 1575 to activity_logs
Successfully wrote batch 1576 to activity_logs
Successfully wrote batch 1577 to activity_logs
Error writing stats to Postgres: Can't get JDBC type for struct<start:timestamp,end:timestamp>.
Successfully wrote batch 1578 to activity_logs
Successfully wrote batch 1579 to activity_logs
Successfully wrote batch 1580 to activity_logs
Error writing stats to Postgres: Can't get JDBC type for struct<start:timestamp,end:timestamp>.
Successfully wrote batch 1581 to activity_logs
Successfully wrote batch 1582 to activity_logs
Successfully wrote batch 1583 to activity_logs
Error writing stats to Postgres: Can't get JDBC type for struct<start:timestamp,end:timestamp>.
Successfully wrote batch 1584 to activity_logs
Successfully wrote batch 1585 to activity_logs
Successfully wrote batch 1586 to activity_logs
Error writing stats to Postgres: Can't get JDBC type for struct<start:timestamp,end:timestamp>.
Successfully wrote batch 1587 to activity_logs
Successfully wrote batch 1588 to activity_logs
Successfully wrote batch 1589 to activity_logs
Successfully wrote batch 1590 to activity_logs
Error writing stats to Postgres: Can't get JDBC type for struct<start:timestamp,end:timestamp>.
Successfully wrote batch 1591 to activity_logs
Successfully wrote batch 1592 to activity_logs
Successfully wrote batch 1593 to activity_logs
Error writing stats to Postgres: Can't get JDBC type for struct<start:timestamp,end:timestamp>.
Successfully wrote batch 1594 to activity_logs
Successfully wrote batch 1595 to activity_logs
Successfully wrote batch 1596 to activity_logs
Error writing stats to Postgres: Can't get JDBC type for struct<start:timestamp,end:timestamp>.
Successfully wrote batch 1597 to activity_logs
Successfully wrote batch 1598 to activity_logs
Successfully wrote batch 1599 to activity_logs
Error writing stats to Postgres: Can't get JDBC type for struct<start:timestamp,end:timestamp>.
Successfully wrote batch 1600 to activity_logs
Successfully wrote batch 1601 to activity_logs
Successfully wrote batch 1602 to activity_logs
Error writing stats to Postgres: Can't get JDBC type for struct<start:timestamp,end:timestamp>.
Successfully wrote batch 1603 to activity_logs
Successfully wrote batch 1604 to activity_logs
Successfully wrote batch 1605 to activity_logs
Error writing stats to Postgres: Can't get JDBC type for struct<start:timestamp,end:timestamp>.
Successfully wrote batch 1606 to activity_logs
Successfully wrote batch 1607 to activity_logs
Successfully wrote batch 1608 to activity_logs
Error writing stats to Postgres: Can't get JDBC type for struct<start:timestamp,end:timestamp>.
Successfully wrote batch 1609 to activity_logs
Successfully wrote batch 1610 to activity_logs
Successfully wrote batch 1611 to activity_logs
Error writing stats to Postgres: Can't get JDBC type for struct<start:timestamp,end:timestamp>.
Successfully wrote batch 1612 to activity_logs
Successfully wrote batch 1613 to activity_logs
Successfully wrote batch 1614 to activity_logs
Error writing stats to Postgres: Can't get JDBC type for struct<start:timestamp,end:timestamp>.
Successfully wrote batch 1615 to activity_logs
Successfully wrote batch 1616 to activity_logs
Successfully wrote batch 1617 to activity_logs
Error writing stats to Postgres: Can't get JDBC type for struct<start:timestamp,end:timestamp>.
Successfully wrote batch 1618 to activity_logs
Successfully wrote batch 1619 to activity_logs
Successfully wrote batch 1620 to activity_logs
Error writing stats to Postgres: Can't get JDBC type for struct<start:timestamp,end:timestamp>.
Successfully wrote batch 1621 to activity_logs
Successfully wrote batch 1622 to activity_logs
Successfully wrote batch 1623 to activity_logs
Error writing stats to Postgres: Can't get JDBC type for struct<start:timestamp,end:timestamp>.
Successfully wrote batch 1624 to activity_logs
Successfully wrote batch 1625 to activity_logs
Successfully wrote batch 1626 to activity_logs
Error writing stats to Postgres: Can't get JDBC type for struct<start:timestamp,end:timestamp>.
Successfully wrote batch 1627 to activity_logs
Successfully wrote batch 1628 to activity_logs
Successfully wrote batch 1629 to activity_logs
Error writing stats to Postgres: Can't get JDBC type for struct<start:timestamp,end:timestamp>.
Successfully wrote batch 1630 to activity_logs
Successfully wrote batch 1631 to activity_logs
Successfully wrote batch 1632 to activity_logs
Error writing stats to Postgres: Can't get JDBC type for struct<start:timestamp,end:timestamp>.
Successfully wrote batch 1633 to activity_logs
Successfully wrote batch 1634 to activity_logs
Successfully wrote batch 1635 to activity_logs
Error writing stats to Postgres: Can't get JDBC type for struct<start:timestamp,end:timestamp>.
Successfully wrote batch 1636 to activity_logs
Successfully wrote batch 1637 to activity_logs
Successfully wrote batch 1638 to activity_logs
Error writing stats to Postgres: Can't get JDBC type for struct<start:timestamp,end:timestamp>.
Successfully wrote batch 1639 to activity_logs
Successfully wrote batch 1640 to activity_logs
Successfully wrote batch 1641 to activity_logs
Error writing stats to Postgres: Can't get JDBC type for struct<start:timestamp,end:timestamp>.
Successfully wrote batch 1642 to activity_logs
Successfully wrote batch 1643 to activity_logs
Successfully wrote batch 1644 to activity_logs
Successfully wrote batch 1645 to activity_logs
Error writing stats to Postgres: Can't get JDBC type for struct<start:timestamp,end:timestamp>.
Successfully wrote batch 1646 to activity_logs
Successfully wrote batch 1647 to activity_logs
Successfully wrote batch 1648 to activity_logs
Error writing stats to Postgres: Can't get JDBC type for struct<start:timestamp,end:timestamp>.
Successfully wrote batch 1649 to activity_logs
Successfully wrote batch 1650 to activity_logs
Error writing stats to Postgres: Can't get JDBC type for struct<start:timestamp,end:timestamp>.
Successfully wrote batch 1651 to activity_logs
Successfully wrote batch 1652 to activity_logs
Successfully wrote batch 1653 to activity_logs
Successfully wrote batch 1654 to activity_logs
Error writing stats to Postgres: Can't get JDBC type for struct<start:timestamp,end:timestamp>.
Successfully wrote batch 1655 to activity_logs
Successfully wrote batch 1656 to activity_logs
Successfully wrote batch 1657 to activity_logs
Error writing stats to Postgres: Can't get JDBC type for struct<start:timestamp,end:timestamp>.
Successfully wrote batch 1658 to activity_logs
Successfully wrote batch 1659 to activity_logs
Successfully wrote batch 1660 to activity_logs
Error writing stats to Postgres: Can't get JDBC type for struct<start:timestamp,end:timestamp>.
Successfully wrote batch 1661 to activity_logs
Successfully wrote batch 1662 to activity_logs
Successfully wrote batch 1663 to activity_logs
Successfully wrote batch 1664 to activity_logs
Error writing stats to Postgres: Can't get JDBC type for struct<start:timestamp,end:timestamp>.
Successfully wrote batch 1665 to activity_logs
Successfully wrote batch 1666 to activity_logs
Successfully wrote batch 1667 to activity_logs
Error writing stats to Postgres: Can't get JDBC type for struct<start:timestamp,end:timestamp>.
Successfully wrote batch 1668 to activity_logs
Successfully wrote batch 1669 to activity_logs
Successfully wrote batch 1670 to activity_logs
Error writing stats to Postgres: Can't get JDBC type for struct<start:timestamp,end:timestamp>.
Successfully wrote batch 1671 to activity_logs
Successfully wrote batch 1672 to activity_logs
Successfully wrote batch 1673 to activity_logs
Error writing stats to Postgres: Can't get JDBC type for struct<start:timestamp,end:timestamp>.
Successfully wrote batch 1674 to activity_logs
Successfully wrote batch 1675 to activity_logs
Successfully wrote batch 1676 to activity_logs
Error writing stats to Postgres: Can't get JDBC type for struct<start:timestamp,end:timestamp>.
Successfully wrote batch 1677 to activity_logs
Successfully wrote batch 1678 to activity_logs
Successfully wrote batch 1679 to activity_logs
Error writing stats to Postgres: Can't get JDBC type for struct<start:timestamp,end:timestamp>.
Successfully wrote batch 1680 to activity_logs
Successfully wrote batch 1681 to activity_logs
Successfully wrote batch 1682 to activity_logs
Error writing stats to Postgres: Can't get JDBC type for struct<start:timestamp,end:timestamp>.
Successfully wrote batch 1683 to activity_logs
Successfully wrote batch 1684 to activity_logs
Successfully wrote batch 1685 to activity_logs
Error writing stats to Postgres: Can't get JDBC type for struct<start:timestamp,end:timestamp>.
Successfully wrote batch 1686 to activity_logs
Successfully wrote batch 1687 to activity_logs
Successfully wrote batch 1688 to activity_logs
Error writing stats to Postgres: Can't get JDBC type for struct<start:timestamp,end:timestamp>.
Successfully wrote batch 1689 to activity_logs
Successfully wrote batch 1690 to activity_logs
Successfully wrote batch 1691 to activity_logs
Successfully wrote batch 1692 to activity_logs
Error writing stats to Postgres: Can't get JDBC type for struct<start:timestamp,end:timestamp>.
Successfully wrote batch 1693 to activity_logs
Successfully wrote batch 1694 to activity_logs
Successfully wrote batch 1695 to activity_logs
Successfully wrote batch 1696 to activity_logs
Error writing stats to Postgres: Can't get JDBC type for struct<start:timestamp,end:timestamp>.
Successfully wrote batch 1697 to activity_logs
Successfully wrote batch 1698 to activity_logs
Successfully wrote batch 1699 to activity_logs
Error writing stats to Postgres: Can't get JDBC type for struct<start:timestamp,end:timestamp>.
Successfully wrote batch 1700 to activity_logs
Successfully wrote batch 1701 to activity_logs
Successfully wrote batch 1702 to activity_logs
Error writing stats to Postgres: Can't get JDBC type for struct<start:timestamp,end:timestamp>.
Successfully wrote batch 1703 to activity_logs
Successfully wrote batch 1704 to activity_logs
Successfully wrote batch 1705 to activity_logs
Error writing stats to Postgres: Can't get JDBC type for struct<start:timestamp,end:timestamp>.
Successfully wrote batch 1706 to activity_logs
Successfully wrote batch 1707 to activity_logs
Successfully wrote batch 1708 to activity_logs
Error writing stats to Postgres: Can't get JDBC type for struct<start:timestamp,end:timestamp>.
Successfully wrote batch 1709 to activity_logs
Successfully wrote batch 1710 to activity_logs
Successfully wrote batch 1711 to activity_logs
Error writing stats to Postgres: Can't get JDBC type for struct<start:timestamp,end:timestamp>.
Successfully wrote batch 1712 to activity_logs
Successfully wrote batch 1713 to activity_logs
Successfully wrote batch 1714 to activity_logs
Error writing stats to Postgres: Can't get JDBC type for struct<start:timestamp,end:timestamp>.
Successfully wrote batch 1715 to activity_logs
Successfully wrote batch 1716 to activity_logs
Successfully wrote batch 1717 to activity_logs
Error writing stats to Postgres: Can't get JDBC type for struct<start:timestamp,end:timestamp>.
Successfully wrote batch 1718 to activity_logs
Successfully wrote batch 1719 to activity_logs
Successfully wrote batch 1720 to activity_logs
Error writing stats to Postgres: Can't get JDBC type for struct<start:timestamp,end:timestamp>.
Successfully wrote batch 1721 to activity_logs
Successfully wrote batch 1722 to activity_logs
Successfully wrote batch 1723 to activity_logs
Error writing stats to Postgres: Can't get JDBC type for struct<start:timestamp,end:timestamp>.
Successfully wrote batch 1724 to activity_logs
Successfully wrote batch 1725 to activity_logs
Successfully wrote batch 1726 to activity_logs
Error writing stats to Postgres: Can't get JDBC type for struct<start:timestamp,end:timestamp>.
Successfully wrote batch 1727 to activity_logs
Successfully wrote batch 1728 to activity_logs
Successfully wrote batch 1729 to activity_logs
Error writing stats to Postgres: Can't get JDBC type for struct<start:timestamp,end:timestamp>.
Successfully wrote batch 1730 to activity_logs
Successfully wrote batch 1731 to activity_logs
Successfully wrote batch 1732 to activity_logs
Error writing stats to Postgres: Can't get JDBC type for struct<start:timestamp,end:timestamp>.
Successfully wrote batch 1733 to activity_logs
Successfully wrote batch 1734 to activity_logs
Successfully wrote batch 1735 to activity_logs
Error writing stats to Postgres: Can't get JDBC type for struct<start:timestamp,end:timestamp>.
Successfully wrote batch 1736 to activity_logs
Successfully wrote batch 1737 to activity_logs
Successfully wrote batch 1738 to activity_logs
Error writing stats to Postgres: Can't get JDBC type for struct<start:timestamp,end:timestamp>.
Successfully wrote batch 1739 to activity_logs
Successfully wrote batch 1740 to activity_logs
Successfully wrote batch 1741 to activity_logs
Error writing stats to Postgres: Can't get JDBC type for struct<start:timestamp,end:timestamp>.
Successfully wrote batch 1742 to activity_logs
Successfully wrote batch 1743 to activity_logs
Successfully wrote batch 1744 to activity_logs
Error writing stats to Postgres: Can't get JDBC type for struct<start:timestamp,end:timestamp>.
Successfully wrote batch 1745 to activity_logs
Successfully wrote batch 1746 to activity_logs
Successfully wrote batch 1747 to activity_logs
Error writing stats to Postgres: Can't get JDBC type for struct<start:timestamp,end:timestamp>.
Successfully wrote batch 1748 to activity_logs
Successfully wrote batch 1749 to activity_logs
Successfully wrote batch 1750 to activity_logs
Error writing stats to Postgres: Can't get JDBC type for struct<start:timestamp,end:timestamp>.
Successfully wrote batch 1751 to activity_logs
Successfully wrote batch 1752 to activity_logs
Successfully wrote batch 1753 to activity_logs
Error writing stats to Postgres: Can't get JDBC type for struct<start:timestamp,end:timestamp>.
Successfully wrote batch 1754 to activity_logs
Successfully wrote batch 1755 to activity_logs
Successfully wrote batch 1756 to activity_logs
Error writing stats to Postgres: Can't get JDBC type for struct<start:timestamp,end:timestamp>.
Successfully wrote batch 1757 to activity_logs
Successfully wrote batch 1758 to activity_logs
Successfully wrote batch 1759 to activity_logs
Error writing stats to Postgres: Can't get JDBC type for struct<start:timestamp,end:timestamp>.
Successfully wrote batch 1760 to activity_logs
Successfully wrote batch 1761 to activity_logs
Successfully wrote batch 1762 to activity_logs
Successfully wrote batch 1763 to activity_logs
Error writing stats to Postgres: Can't get JDBC type for struct<start:timestamp,end:timestamp>.
Successfully wrote batch 1764 to activity_logs
Successfully wrote batch 1765 to activity_logs
Successfully wrote batch 1766 to activity_logs
Error writing stats to Postgres: Can't get JDBC type for struct<start:timestamp,end:timestamp>.
Successfully wrote batch 1767 to activity_logs
Successfully wrote batch 1768 to activity_logs
Successfully wrote batch 1769 to activity_logs
Error writing stats to Postgres: Can't get JDBC type for struct<start:timestamp,end:timestamp>.
Successfully wrote batch 1770 to activity_logs
Successfully wrote batch 1771 to activity_logs
Successfully wrote batch 1772 to activity_logs
Successfully wrote batch 1773 to activity_logs
Error writing stats to Postgres: Can't get JDBC type for struct<start:timestamp,end:timestamp>.
Successfully wrote batch 1774 to activity_logs
Successfully wrote batch 1775 to activity_logs
Successfully wrote batch 1776 to activity_logs
Error writing stats to Postgres: Can't get JDBC type for struct<start:timestamp,end:timestamp>.
Successfully wrote batch 1777 to activity_logs
Successfully wrote batch 1778 to activity_logs
Successfully wrote batch 1779 to activity_logs
Error writing stats to Postgres: Can't get JDBC type for struct<start:timestamp,end:timestamp>.
Successfully wrote batch 1780 to activity_logs
Successfully wrote batch 1781 to activity_logs
Successfully wrote batch 1782 to activity_logs
Error writing stats to Postgres: Can't get JDBC type for struct<start:timestamp,end:timestamp>.
Successfully wrote batch 1783 to activity_logs
Successfully wrote batch 1784 to activity_logs
Successfully wrote batch 1785 to activity_logs
Error writing stats to Postgres: Can't get JDBC type for struct<start:timestamp,end:timestamp>.
Successfully wrote batch 1786 to activity_logs
Successfully wrote batch 1787 to activity_logs
Successfully wrote batch 1788 to activity_logs
Error writing stats to Postgres: Can't get JDBC type for struct<start:timestamp,end:timestamp>.
Successfully wrote batch 1789 to activity_logs
Successfully wrote batch 1790 to activity_logs
Successfully wrote batch 1791 to activity_logs
Error writing stats to Postgres: Can't get JDBC type for struct<start:timestamp,end:timestamp>.
Successfully wrote batch 1792 to activity_logs
Successfully wrote batch 1793 to activity_logs
Successfully wrote batch 1794 to activity_logs
Error writing stats to Postgres: Can't get JDBC type for struct<start:timestamp,end:timestamp>.
Successfully wrote batch 1795 to activity_logs
Successfully wrote batch 1796 to activity_logs
Successfully wrote batch 1797 to activity_logs
Error writing stats to Postgres: Can't get JDBC type for struct<start:timestamp,end:timestamp>.
Successfully wrote batch 1798 to activity_logs
Successfully wrote batch 1799 to activity_logs
Successfully wrote batch 1800 to activity_logs
Successfully wrote batch 1801 to activity_logs
Error writing stats to Postgres: Can't get JDBC type for struct<start:timestamp,end:timestamp>.
Successfully wrote batch 1802 to activity_logs
Successfully wrote batch 1803 to activity_logs
Successfully wrote batch 1804 to activity_logs
Error writing stats to Postgres: Can't get JDBC type for struct<start:timestamp,end:timestamp>.
Successfully wrote batch 1805 to activity_logs
Successfully wrote batch 1806 to activity_logs
Successfully wrote batch 1807 to activity_logs
Successfully wrote batch 1808 to activity_logs
Error writing stats to Postgres: Can't get JDBC type for struct<start:timestamp,end:timestamp>.
Successfully wrote batch 1809 to activity_logs
Successfully wrote batch 1810 to activity_logs
Successfully wrote batch 1811 to activity_logs
Error writing stats to Postgres: Can't get JDBC type for struct<start:timestamp,end:timestamp>.
Successfully wrote batch 1812 to activity_logs
Successfully wrote batch 1813 to activity_logs
Successfully wrote batch 1814 to activity_logs
Error writing stats to Postgres: Can't get JDBC type for struct<start:timestamp,end:timestamp>.
Successfully wrote batch 1815 to activity_logs
Successfully wrote batch 1816 to activity_logs
Successfully wrote batch 1817 to activity_logs
Error writing stats to Postgres: Can't get JDBC type for struct<start:timestamp,end:timestamp>.
Successfully wrote batch 1818 to activity_logs
Successfully wrote batch 1819 to activity_logs
Successfully wrote batch 1820 to activity_logs
Error writing stats to Postgres: Can't get JDBC type for struct<start:timestamp,end:timestamp>.
Successfully wrote batch 1821 to activity_logs
Successfully wrote batch 1822 to activity_logs
Successfully wrote batch 1823 to activity_logs
Error writing stats to Postgres: Can't get JDBC type for struct<start:timestamp,end:timestamp>.
Successfully wrote batch 1824 to activity_logs
Successfully wrote batch 1825 to activity_logs
Successfully wrote batch 1826 to activity_logs
Error writing stats to Postgres: Can't get JDBC type for struct<start:timestamp,end:timestamp>.
Successfully wrote batch 1827 to activity_logs
Successfully wrote batch 1828 to activity_logs
Successfully wrote batch 1829 to activity_logs
Error writing stats to Postgres: Can't get JDBC type for struct<start:timestamp,end:timestamp>.
Successfully wrote batch 1830 to activity_logs
Successfully wrote batch 1831 to activity_logs
Successfully wrote batch 1832 to activity_logs
Error writing stats to Postgres: Can't get JDBC type for struct<start:timestamp,end:timestamp>.
Successfully wrote batch 1833 to activity_logs
Successfully wrote batch 1834 to activity_logs
Successfully wrote batch 1835 to activity_logs
Error writing stats to Postgres: Can't get JDBC type for struct<start:timestamp,end:timestamp>.
Successfully wrote batch 1836 to activity_logs
Successfully wrote batch 1837 to activity_logs
Successfully wrote batch 1838 to activity_logs
Error writing stats to Postgres: Can't get JDBC type for struct<start:timestamp,end:timestamp>.
Successfully wrote batch 1839 to activity_logs
Successfully wrote batch 1840 to activity_logs
Successfully wrote batch 1841 to activity_logs
Successfully wrote batch 1842 to activity_logs
Error writing stats to Postgres: Can't get JDBC type for struct<start:timestamp,end:timestamp>.
Successfully wrote batch 1843 to activity_logs
Successfully wrote batch 1844 to activity_logs
Successfully wrote batch 1845 to activity_logs
Error writing stats to Postgres: Can't get JDBC type for struct<start:timestamp,end:timestamp>.
Successfully wrote batch 1846 to activity_logs
Successfully wrote batch 1847 to activity_logs
Successfully wrote batch 1848 to activity_logs
Error writing stats to Postgres: Can't get JDBC type for struct<start:timestamp,end:timestamp>.
Successfully wrote batch 1849 to activity_logs
Successfully wrote batch 1850 to activity_logs
Successfully wrote batch 1851 to activity_logs
Successfully wrote batch 1852 to activity_logs
Error writing stats to Postgres: Can't get JDBC type for struct<start:timestamp,end:timestamp>.
Successfully wrote batch 1853 to activity_logs
Successfully wrote batch 1854 to activity_logs
Successfully wrote batch 1855 to activity_logs
Error writing stats to Postgres: Can't get JDBC type for struct<start:timestamp,end:timestamp>.
Successfully wrote batch 1856 to activity_logs
Successfully wrote batch 1857 to activity_logs
Successfully wrote batch 1858 to activity_logs
Error writing stats to Postgres: Can't get JDBC type for struct<start:timestamp,end:timestamp>.
Successfully wrote batch 1859 to activity_logs
Successfully wrote batch 1860 to activity_logs
Successfully wrote batch 1861 to activity_logs
Error writing stats to Postgres: Can't get JDBC type for struct<start:timestamp,end:timestamp>.
Successfully wrote batch 1862 to activity_logs
Successfully wrote batch 1863 to activity_logs
Successfully wrote batch 1864 to activity_logs
Error writing stats to Postgres: Can't get JDBC type for struct<start:timestamp,end:timestamp>.
Successfully wrote batch 1865 to activity_logs
Successfully wrote batch 1866 to activity_logs
Successfully wrote batch 1867 to activity_logs
Error writing stats to Postgres: Can't get JDBC type for struct<start:timestamp,end:timestamp>.
Successfully wrote batch 1868 to activity_logs
Successfully wrote batch 1869 to activity_logs
Successfully wrote batch 1870 to activity_logs
Error writing stats to Postgres: Can't get JDBC type for struct<start:timestamp,end:timestamp>.
Successfully wrote batch 1871 to activity_logs
Successfully wrote batch 1872 to activity_logs
Successfully wrote batch 1873 to activity_logs
Error writing stats to Postgres: Can't get JDBC type for struct<start:timestamp,end:timestamp>.
Successfully wrote batch 1874 to activity_logs
Successfully wrote batch 1875 to activity_logs
Successfully wrote batch 1876 to activity_logs
Error writing stats to Postgres: Can't get JDBC type for struct<start:timestamp,end:timestamp>.
Successfully wrote batch 1877 to activity_logs
Successfully wrote batch 1878 to activity_logs
Successfully wrote batch 1879 to activity_logs
Error writing stats to Postgres: Can't get JDBC type for struct<start:timestamp,end:timestamp>.
Successfully wrote batch 1880 to activity_logs
Successfully wrote batch 1881 to activity_logs
Successfully wrote batch 1882 to activity_logs
Successfully wrote batch 1883 to activity_logs
Error writing stats to Postgres: Can't get JDBC type for struct<start:timestamp,end:timestamp>.
Successfully wrote batch 1884 to activity_logs
Successfully wrote batch 1885 to activity_logs
Successfully wrote batch 1886 to activity_logs
Error writing stats to Postgres: Can't get JDBC type for struct<start:timestamp,end:timestamp>.
Successfully wrote batch 1887 to activity_logs
Successfully wrote batch 1888 to activity_logs
Successfully wrote batch 1889 to activity_logs
Successfully wrote batch 1890 to activity_logs
Error writing stats to Postgres: Can't get JDBC type for struct<start:timestamp,end:timestamp>.
Successfully wrote batch 1891 to activity_logs
Successfully wrote batch 1892 to activity_logs
Successfully wrote batch 1893 to activity_logs
Successfully wrote batch 1894 to activity_logs
Error writing stats to Postgres: Can't get JDBC type for struct<start:timestamp,end:timestamp>.
Successfully wrote batch 1895 to activity_logs
Successfully wrote batch 1896 to activity_logs
Successfully wrote batch 1897 to activity_logs
Error writing stats to Postgres: Can't get JDBC type for struct<start:timestamp,end:timestamp>.
Successfully wrote batch 1898 to activity_logs
Successfully wrote batch 1899 to activity_logs
Successfully wrote batch 1900 to activity_logs
Successfully wrote batch 1901 to activity_logs
Error writing stats to Postgres: Can't get JDBC type for struct<start:timestamp,end:timestamp>.
Successfully wrote batch 1902 to activity_logs
Successfully wrote batch 1903 to activity_logs
Successfully wrote batch 1904 to activity_logs
Successfully wrote batch 1905 to activity_logs
Error writing stats to Postgres: Can't get JDBC type for struct<start:timestamp,end:timestamp>.
Successfully wrote batch 1906 to activity_logs
Successfully wrote batch 1907 to activity_logs
Successfully wrote batch 1908 to activity_logs
Error writing stats to Postgres: Can't get JDBC type for struct<start:timestamp,end:timestamp>.
Successfully wrote batch 1909 to activity_logs
Successfully wrote batch 1910 to activity_logs
Successfully wrote batch 1911 to activity_logs
Error writing stats to Postgres: Can't get JDBC type for struct<start:timestamp,end:timestamp>.
Successfully wrote batch 1912 to activity_logs
Successfully wrote batch 1913 to activity_logs
Successfully wrote batch 1914 to activity_logs
Successfully wrote batch 1915 to activity_logs
Error writing stats to Postgres: Can't get JDBC type for struct<start:timestamp,end:timestamp>.
Successfully wrote batch 1916 to activity_logs
Successfully wrote batch 1917 to activity_logs
Successfully wrote batch 1918 to activity_logs
Successfully wrote batch 1919 to activity_logs
Error writing stats to Postgres: Can't get JDBC type for struct<start:timestamp,end:timestamp>.
Successfully wrote batch 1920 to activity_logs
Successfully wrote batch 1921 to activity_logs
Successfully wrote batch 1922 to activity_logs
Error writing stats to Postgres: Can't get JDBC type for struct<start:timestamp,end:timestamp>.
Successfully wrote batch 1923 to activity_logs
Successfully wrote batch 1924 to activity_logs
Successfully wrote batch 1925 to activity_logs
Error writing stats to Postgres: Can't get JDBC type for struct<start:timestamp,end:timestamp>.
Successfully wrote batch 1926 to activity_logs
Successfully wrote batch 1927 to activity_logs
Successfully wrote batch 1928 to activity_logs
Error writing stats to Postgres: Can't get JDBC type for struct<start:timestamp,end:timestamp>.
Successfully wrote batch 1929 to activity_logs
Successfully wrote batch 1930 to activity_logs
Successfully wrote batch 1931 to activity_logs
Error writing stats to Postgres: Can't get JDBC type for struct<start:timestamp,end:timestamp>.
Successfully wrote batch 1932 to activity_logs
Successfully wrote batch 1933 to activity_logs
Successfully wrote batch 1934 to activity_logs
Successfully wrote batch 1935 to activity_logs
Error writing stats to Postgres: Can't get JDBC type for struct<start:timestamp,end:timestamp>.
Successfully wrote batch 1936 to activity_logs
Successfully wrote batch 1937 to activity_logs
Successfully wrote batch 1938 to activity_logs
Error writing stats to Postgres: Can't get JDBC type for struct<start:timestamp,end:timestamp>.
Successfully wrote batch 1939 to activity_logs
Successfully wrote batch 1940 to activity_logs
Successfully wrote batch 1941 to activity_logs
Successfully wrote batch 1942 to activity_logs
Error writing stats to Postgres: Can't get JDBC type for struct<start:timestamp,end:timestamp>.
Successfully wrote batch 1943 to activity_logs
Successfully wrote batch 1944 to activity_logs
Successfully wrote batch 1945 to activity_logs
Error writing stats to Postgres: Can't get JDBC type for struct<start:timestamp,end:timestamp>.
Successfully wrote batch 1946 to activity_logs
Successfully wrote batch 1947 to activity_logs
Successfully wrote batch 1948 to activity_logs
Error writing stats to Postgres: Can't get JDBC type for struct<start:timestamp,end:timestamp>.
Successfully wrote batch 1949 to activity_logs
Successfully wrote batch 1950 to activity_logs
Successfully wrote batch 1951 to activity_logs
Error writing stats to Postgres: Can't get JDBC type for struct<start:timestamp,end:timestamp>.
Successfully wrote batch 1952 to activity_logs
Successfully wrote batch 1953 to activity_logs
Successfully wrote batch 1954 to activity_logs
Error writing stats to Postgres: Can't get JDBC type for struct<start:timestamp,end:timestamp>.
Successfully wrote batch 1955 to activity_logs
Successfully wrote batch 1956 to activity_logs
Successfully wrote batch 1957 to activity_logs
Error writing stats to Postgres: Can't get JDBC type for struct<start:timestamp,end:timestamp>.
Successfully wrote batch 1958 to activity_logs
Successfully wrote batch 1959 to activity_logs
Successfully wrote batch 1960 to activity_logs
Error writing stats to Postgres: Can't get JDBC type for struct<start:timestamp,end:timestamp>.
Successfully wrote batch 1961 to activity_logs
Successfully wrote batch 1962 to activity_logs
Successfully wrote batch 1963 to activity_logs
Error writing stats to Postgres: Can't get JDBC type for struct<start:timestamp,end:timestamp>.
Successfully wrote batch 1964 to activity_logs
Successfully wrote batch 1965 to activity_logs
Successfully wrote batch 1966 to activity_logs
Error writing stats to Postgres: Can't get JDBC type for struct<start:timestamp,end:timestamp>.
Successfully wrote batch 1967 to activity_logs
Successfully wrote batch 1968 to activity_logs
Successfully wrote batch 1969 to activity_logs
Error writing stats to Postgres: Can't get JDBC type for struct<start:timestamp,end:timestamp>.
Successfully wrote batch 1970 to activity_logs
Successfully wrote batch 1971 to activity_logs
Successfully wrote batch 1972 to activity_logs
Error writing stats to Postgres: Can't get JDBC type for struct<start:timestamp,end:timestamp>.
Successfully wrote batch 1973 to activity_logs
Successfully wrote batch 1974 to activity_logs
Successfully wrote batch 1975 to activity_logs
Error writing stats to Postgres: Can't get JDBC type for struct<start:timestamp,end:timestamp>.
Successfully wrote batch 1976 to activity_logs
Successfully wrote batch 1977 to activity_logs
Successfully wrote batch 1978 to activity_logs
Error writing stats to Postgres: Can't get JDBC type for struct<start:timestamp,end:timestamp>.
Successfully wrote batch 1979 to activity_logs
Successfully wrote batch 1980 to activity_logs
Successfully wrote batch 1981 to activity_logs
Error writing stats to Postgres: Can't get JDBC type for struct<start:timestamp,end:timestamp>.
Successfully wrote batch 1982 to activity_logs
Successfully wrote batch 1983 to activity_logs
Successfully wrote batch 1984 to activity_logs
Successfully wrote batch 1985 to activity_logs
Error writing stats to Postgres: Can't get JDBC type for struct<start:timestamp,end:timestamp>.
Successfully wrote batch 1986 to activity_logs
Successfully wrote batch 1987 to activity_logs
Successfully wrote batch 1988 to activity_logs
Error writing stats to Postgres: Can't get JDBC type for struct<start:timestamp,end:timestamp>.
Successfully wrote batch 1989 to activity_logs
Successfully wrote batch 1990 to activity_logs
Successfully wrote batch 1991 to activity_logs
Successfully wrote batch 1992 to activity_logs
Error writing stats to Postgres: Can't get JDBC type for struct<start:timestamp,end:timestamp>.
Successfully wrote batch 1993 to activity_logs
Successfully wrote batch 1994 to activity_logs
Successfully wrote batch 1995 to activity_logs
Error writing stats to Postgres: Can't get JDBC type for struct<start:timestamp,end:timestamp>.
Successfully wrote batch 1996 to activity_logs
Successfully wrote batch 1997 to activity_logs
Successfully wrote batch 1998 to activity_logs
Error writing stats to Postgres: Can't get JDBC type for struct<start:timestamp,end:timestamp>.
Successfully wrote batch 1999 to activity_logs
Successfully wrote batch 2000 to activity_logs
Successfully wrote batch 2001 to activity_logs
Error writing stats to Postgres: Can't get JDBC type for struct<start:timestamp,end:timestamp>.
Successfully wrote batch 2002 to activity_logs
Successfully wrote batch 2003 to activity_logs
Successfully wrote batch 2004 to activity_logs
Error writing stats to Postgres: Can't get JDBC type for struct<start:timestamp,end:timestamp>.
Successfully wrote batch 2005 to activity_logs
Successfully wrote batch 2006 to activity_logs
Successfully wrote batch 2007 to activity_logs
Error writing stats to Postgres: Can't get JDBC type for struct<start:timestamp,end:timestamp>.
Successfully wrote batch 2008 to activity_logs
Successfully wrote batch 2009 to activity_logs
Successfully wrote batch 2010 to activity_logs
Error writing stats to Postgres: Can't get JDBC type for struct<start:timestamp,end:timestamp>.
Successfully wrote batch 2011 to activity_logs
Successfully wrote batch 2012 to activity_logs
Successfully wrote batch 2013 to activity_logs
Error writing stats to Postgres: Can't get JDBC type for struct<start:timestamp,end:timestamp>.
Successfully wrote batch 2014 to activity_logs
Successfully wrote batch 2015 to activity_logs
Successfully wrote batch 2016 to activity_logs
Error writing stats to Postgres: Can't get JDBC type for struct<start:timestamp,end:timestamp>.
Successfully wrote batch 2017 to activity_logs
Successfully wrote batch 2018 to activity_logs
Successfully wrote batch 2019 to activity_logs
Error writing stats to Postgres: Can't get JDBC type for struct<start:timestamp,end:timestamp>.
Successfully wrote batch 2020 to activity_logs
Successfully wrote batch 2021 to activity_logs
Successfully wrote batch 2022 to activity_logs
Error writing stats to Postgres: Can't get JDBC type for struct<start:timestamp,end:timestamp>.
Successfully wrote batch 2023 to activity_logs
Successfully wrote batch 2024 to activity_logs
Successfully wrote batch 2025 to activity_logs
Successfully wrote batch 2026 to activity_logs
Error writing stats to Postgres: Can't get JDBC type for struct<start:timestamp,end:timestamp>.
Successfully wrote batch 2027 to activity_logs
Successfully wrote batch 2028 to activity_logs
Successfully wrote batch 2029 to activity_logs
Error writing stats to Postgres: Can't get JDBC type for struct<start:timestamp,end:timestamp>.
Successfully wrote batch 2030 to activity_logs
Successfully wrote batch 2031 to activity_logs
Successfully wrote batch 2032 to activity_logs
Error writing stats to Postgres: Can't get JDBC type for struct<start:timestamp,end:timestamp>.
Successfully wrote batch 2033 to activity_logs
Successfully wrote batch 2034 to activity_logs
Successfully wrote batch 2035 to activity_logs
Error writing stats to Postgres: Can't get JDBC type for struct<start:timestamp,end:timestamp>.
Successfully wrote batch 2036 to activity_logs
Successfully wrote batch 2037 to activity_logs
Successfully wrote batch 2038 to activity_logs
Error writing stats to Postgres: Can't get JDBC type for struct<start:timestamp,end:timestamp>.
Successfully wrote batch 2039 to activity_logs
Successfully wrote batch 2040 to activity_logs
Successfully wrote batch 2041 to activity_logs
Error writing stats to Postgres: Can't get JDBC type for struct<start:timestamp,end:timestamp>.
Successfully wrote batch 2042 to activity_logs
Successfully wrote batch 2043 to activity_logs
Successfully wrote batch 2044 to activity_logs
Error writing stats to Postgres: Can't get JDBC type for struct<start:timestamp,end:timestamp>.
Successfully wrote batch 2045 to activity_logs
Successfully wrote batch 2046 to activity_logs
Successfully wrote batch 2047 to activity_logs
Error writing stats to Postgres: Can't get JDBC type for struct<start:timestamp,end:timestamp>.
Successfully wrote batch 2048 to activity_logs
Successfully wrote batch 2049 to activity_logs
Successfully wrote batch 2050 to activity_logs
Error writing stats to Postgres: Can't get JDBC type for struct<start:timestamp,end:timestamp>.
Successfully wrote batch 2051 to activity_logs
Successfully wrote batch 2052 to activity_logs
Successfully wrote batch 2053 to activity_logs
Error writing stats to Postgres: Can't get JDBC type for struct<start:timestamp,end:timestamp>.
Successfully wrote batch 2054 to activity_logs
Successfully wrote batch 2055 to activity_logs
Successfully wrote batch 2056 to activity_logs
Successfully wrote batch 2057 to activity_logs
Error writing stats to Postgres: Can't get JDBC type for struct<start:timestamp,end:timestamp>.
Successfully wrote batch 2058 to activity_logs
Successfully wrote batch 2059 to activity_logs
Successfully wrote batch 2060 to activity_logs
Error writing stats to Postgres: Can't get JDBC type for struct<start:timestamp,end:timestamp>.
Successfully wrote batch 2061 to activity_logs
Successfully wrote batch 2062 to activity_logs
Successfully wrote batch 2063 to activity_logs
Successfully wrote batch 2064 to activity_logs
Error writing stats to Postgres: Can't get JDBC type for struct<start:timestamp,end:timestamp>.
Successfully wrote batch 2065 to activity_logs
Successfully wrote batch 2066 to activity_logs
Successfully wrote batch 2067 to activity_logs
Successfully wrote batch 2068 to activity_logs
Error writing stats to Postgres: Can't get JDBC type for struct<start:timestamp,end:timestamp>.
Successfully wrote batch 2069 to activity_logs
Successfully wrote batch 2070 to activity_logs
Successfully wrote batch 2071 to activity_logs
Error writing stats to Postgres: Can't get JDBC type for struct<start:timestamp,end:timestamp>.
Successfully wrote batch 2072 to activity_logs
Successfully wrote batch 2073 to activity_logs
Successfully wrote batch 2074 to activity_logs
Error writing stats to Postgres: Can't get JDBC type for struct<start:timestamp,end:timestamp>.
Successfully wrote batch 2075 to activity_logs
Successfully wrote batch 2076 to activity_logs
Successfully wrote batch 2077 to activity_logs
Error writing stats to Postgres: Can't get JDBC type for struct<start:timestamp,end:timestamp>.
Successfully wrote batch 2078 to activity_logs
Successfully wrote batch 2079 to activity_logs
Successfully wrote batch 2080 to activity_logs
Error writing stats to Postgres: Can't get JDBC type for struct<start:timestamp,end:timestamp>.
Successfully wrote batch 2081 to activity_logs
Successfully wrote batch 2082 to activity_logs
Successfully wrote batch 2083 to activity_logs
Error writing stats to Postgres: Can't get JDBC type for struct<start:timestamp,end:timestamp>.
Successfully wrote batch 2084 to activity_logs
Successfully wrote batch 2085 to activity_logs
Successfully wrote batch 2086 to activity_logs
Error writing stats to Postgres: Can't get JDBC type for struct<start:timestamp,end:timestamp>.
Successfully wrote batch 2087 to activity_logs
Successfully wrote batch 2088 to activity_logs
Successfully wrote batch 2089 to activity_logs
Error writing stats to Postgres: Can't get JDBC type for struct<start:timestamp,end:timestamp>.
Successfully wrote batch 2090 to activity_logs
Successfully wrote batch 2091 to activity_logs
Successfully wrote batch 2092 to activity_logs
Error writing stats to Postgres: Can't get JDBC type for struct<start:timestamp,end:timestamp>.
Successfully wrote batch 2093 to activity_logs
Successfully wrote batch 2094 to activity_logs
Successfully wrote batch 2095 to activity_logs
Error writing stats to Postgres: Can't get JDBC type for struct<start:timestamp,end:timestamp>.
Successfully wrote batch 2096 to activity_logs
Successfully wrote batch 2097 to activity_logs
Successfully wrote batch 2098 to activity_logs
Error writing stats to Postgres: Can't get JDBC type for struct<start:timestamp,end:timestamp>.
Successfully wrote batch 2099 to activity_logs
Successfully wrote batch 2100 to activity_logs
Successfully wrote batch 2101 to activity_logs
Error writing stats to Postgres: Can't get JDBC type for struct<start:timestamp,end:timestamp>.
Successfully wrote batch 2102 to activity_logs
Successfully wrote batch 2103 to activity_logs
Successfully wrote batch 2104 to activity_logs
Error writing stats to Postgres: Can't get JDBC type for struct<start:timestamp,end:timestamp>.
Successfully wrote batch 2105 to activity_logs
Successfully wrote batch 2106 to activity_logs
Successfully wrote batch 2107 to activity_logs
Error writing stats to Postgres: Can't get JDBC type for struct<start:timestamp,end:timestamp>.
Successfully wrote batch 2108 to activity_logs
Successfully wrote batch 2109 to activity_logs
Successfully wrote batch 2110 to activity_logs
Successfully wrote batch 2111 to activity_logs
Error writing stats to Postgres: Can't get JDBC type for struct<start:timestamp,end:timestamp>.
Successfully wrote batch 2112 to activity_logs
Successfully wrote batch 2113 to activity_logs
Successfully wrote batch 2114 to activity_logs
Error writing stats to Postgres: Can't get JDBC type for struct<start:timestamp,end:timestamp>.
Successfully wrote batch 2115 to activity_logs
Successfully wrote batch 2116 to activity_logs
Successfully wrote batch 2117 to activity_logs
Error writing stats to Postgres: Can't get JDBC type for struct<start:timestamp,end:timestamp>.
Successfully wrote batch 2118 to activity_logs
Successfully wrote batch 2119 to activity_logs
Successfully wrote batch 2120 to activity_logs
Error writing stats to Postgres: Can't get JDBC type for struct<start:timestamp,end:timestamp>.
Successfully wrote batch 2121 to activity_logs
Successfully wrote batch 2122 to activity_logs
Successfully wrote batch 2123 to activity_logs
Error writing stats to Postgres: Can't get JDBC type for struct<start:timestamp,end:timestamp>.
Successfully wrote batch 2124 to activity_logs
Successfully wrote batch 2125 to activity_logs
Successfully wrote batch 2126 to activity_logs
Error writing stats to Postgres: Can't get JDBC type for struct<start:timestamp,end:timestamp>.
Successfully wrote batch 2127 to activity_logs
Successfully wrote batch 2128 to activity_logs
Successfully wrote batch 2129 to activity_logs
Error writing stats to Postgres: Can't get JDBC type for struct<start:timestamp,end:timestamp>.
Successfully wrote batch 2130 to activity_logs
Successfully wrote batch 2131 to activity_logs
Successfully wrote batch 2132 to activity_logs
Successfully wrote batch 2133 to activity_logs
Error writing stats to Postgres: Can't get JDBC type for struct<start:timestamp,end:timestamp>.
Successfully wrote batch 2134 to activity_logs
Successfully wrote batch 2135 to activity_logs
Successfully wrote batch 2136 to activity_logs
Error writing stats to Postgres: Can't get JDBC type for struct<start:timestamp,end:timestamp>.
Successfully wrote batch 2137 to activity_logs
Successfully wrote batch 2138 to activity_logs
Successfully wrote batch 2139 to activity_logs
Successfully wrote batch 2140 to activity_logs
Error writing stats to Postgres: Can't get JDBC type for struct<start:timestamp,end:timestamp>.
Successfully wrote batch 2141 to activity_logs
Successfully wrote batch 2142 to activity_logs
Successfully wrote batch 2143 to activity_logs
Error writing stats to Postgres: Can't get JDBC type for struct<start:timestamp,end:timestamp>.
Successfully wrote batch 2144 to activity_logs
Successfully wrote batch 2145 to activity_logs
Successfully wrote batch 2146 to activity_logs
Error writing stats to Postgres: Can't get JDBC type for struct<start:timestamp,end:timestamp>.
Successfully wrote batch 2147 to activity_logs
Successfully wrote batch 2148 to activity_logs
Successfully wrote batch 2149 to activity_logs
Error writing stats to Postgres: Can't get JDBC type for struct<start:timestamp,end:timestamp>.
Successfully wrote batch 2150 to activity_logs
Successfully wrote batch 2151 to activity_logs
Successfully wrote batch 2152 to activity_logs
Error writing stats to Postgres: Can't get JDBC type for struct<start:timestamp,end:timestamp>.
Successfully wrote batch 2153 to activity_logs
Successfully wrote batch 2154 to activity_logs
Successfully wrote batch 2155 to activity_logs
Error writing stats to Postgres: Can't get JDBC type for struct<start:timestamp,end:timestamp>.
Successfully wrote batch 2156 to activity_logs
Successfully wrote batch 2157 to activity_logs
Successfully wrote batch 2158 to activity_logs
Error writing stats to Postgres: Can't get JDBC type for struct<start:timestamp,end:timestamp>.
Successfully wrote batch 2159 to activity_logs
Successfully wrote batch 2160 to activity_logs
Successfully wrote batch 2161 to activity_logs
Successfully wrote batch 2162 to activity_logs
Error writing stats to Postgres: Can't get JDBC type for struct<start:timestamp,end:timestamp>.
Successfully wrote batch 2163 to activity_logs
Successfully wrote batch 2164 to activity_logs
Successfully wrote batch 2165 to activity_logs
Error writing stats to Postgres: Can't get JDBC type for struct<start:timestamp,end:timestamp>.
Successfully wrote batch 2166 to activity_logs
Successfully wrote batch 2167 to activity_logs
Successfully wrote batch 2168 to activity_logs
Error writing stats to Postgres: Can't get JDBC type for struct<start:timestamp,end:timestamp>.
Successfully wrote batch 2169 to activity_logs
Successfully wrote batch 2170 to activity_logs
Successfully wrote batch 2171 to activity_logs
Error writing stats to Postgres: Can't get JDBC type for struct<start:timestamp,end:timestamp>.
Successfully wrote batch 2172 to activity_logs
Successfully wrote batch 2173 to activity_logs
Successfully wrote batch 2174 to activity_logs
Error writing stats to Postgres: Can't get JDBC type for struct<start:timestamp,end:timestamp>.
Successfully wrote batch 2175 to activity_logs
Successfully wrote batch 2176 to activity_logs
Successfully wrote batch 2177 to activity_logs
Error writing stats to Postgres: Can't get JDBC type for struct<start:timestamp,end:timestamp>.
Successfully wrote batch 2178 to activity_logs
Successfully wrote batch 2179 to activity_logs
Successfully wrote batch 2180 to activity_logs
Successfully wrote batch 2181 to activity_logs
Error writing stats to Postgres: Can't get JDBC type for struct<start:timestamp,end:timestamp>.
Successfully wrote batch 2182 to activity_logs
Successfully wrote batch 2183 to activity_logs
Successfully wrote batch 2184 to activity_logs
Error writing stats to Postgres: Can't get JDBC type for struct<start:timestamp,end:timestamp>.
Successfully wrote batch 2185 to activity_logs
Successfully wrote batch 2186 to activity_logs
Successfully wrote batch 2187 to activity_logs
Error writing stats to Postgres: Can't get JDBC type for struct<start:timestamp,end:timestamp>.
Successfully wrote batch 2188 to activity_logs
Successfully wrote batch 2189 to activity_logs
Successfully wrote batch 2190 to activity_logs
Error writing stats to Postgres: Can't get JDBC type for struct<start:timestamp,end:timestamp>.
Successfully wrote batch 2191 to activity_logs
Successfully wrote batch 2192 to activity_logs
Successfully wrote batch 2193 to activity_logs
Error writing stats to Postgres: Can't get JDBC type for struct<start:timestamp,end:timestamp>.
Successfully wrote batch 2194 to activity_logs
Successfully wrote batch 2195 to activity_logs
Successfully wrote batch 2196 to activity_logs
Error writing stats to Postgres: Can't get JDBC type for struct<start:timestamp,end:timestamp>.
Successfully wrote batch 2197 to activity_logs
Successfully wrote batch 2198 to activity_logs
Successfully wrote batch 2199 to activity_logs
Error writing stats to Postgres: Can't get JDBC type for struct<start:timestamp,end:timestamp>.
Successfully wrote batch 2200 to activity_logs
Successfully wrote batch 2201 to activity_logs
Successfully wrote batch 2202 to activity_logs
Error writing stats to Postgres: Can't get JDBC type for struct<start:timestamp,end:timestamp>.
Successfully wrote batch 2203 to activity_logs
Successfully wrote batch 2204 to activity_logs
Successfully wrote batch 2205 to activity_logs
Error writing stats to Postgres: Can't get JDBC type for struct<start:timestamp,end:timestamp>.
Successfully wrote batch 2206 to activity_logs
Successfully wrote batch 2207 to activity_logs
Successfully wrote batch 2208 to activity_logs
Error writing stats to Postgres: Can't get JDBC type for struct<start:timestamp,end:timestamp>.
Successfully wrote batch 2209 to activity_logs
Successfully wrote batch 2210 to activity_logs
Successfully wrote batch 2211 to activity_logs
Error writing stats to Postgres: Can't get JDBC type for struct<start:timestamp,end:timestamp>.
Successfully wrote batch 2212 to activity_logs
Successfully wrote batch 2213 to activity_logs
Successfully wrote batch 2214 to activity_logs
Error writing stats to Postgres: Can't get JDBC type for struct<start:timestamp,end:timestamp>.
Successfully wrote batch 2215 to activity_logs
Successfully wrote batch 2216 to activity_logs
Successfully wrote batch 2217 to activity_logs
Error writing stats to Postgres: Can't get JDBC type for struct<start:timestamp,end:timestamp>.
Successfully wrote batch 2218 to activity_logs
Successfully wrote batch 2219 to activity_logs
Successfully wrote batch 2220 to activity_logs
Error writing stats to Postgres: Can't get JDBC type for struct<start:timestamp,end:timestamp>.
Successfully wrote batch 2221 to activity_logs
Successfully wrote batch 2222 to activity_logs
Successfully wrote batch 2223 to activity_logs
Error writing stats to Postgres: Can't get JDBC type for struct<start:timestamp,end:timestamp>.
Successfully wrote batch 2224 to activity_logs
Successfully wrote batch 2225 to activity_logs
Successfully wrote batch 2226 to activity_logs
Successfully wrote batch 2227 to activity_logs
Error writing stats to Postgres: Can't get JDBC type for struct<start:timestamp,end:timestamp>.
Successfully wrote batch 2228 to activity_logs
Successfully wrote batch 2229 to activity_logs
Successfully wrote batch 2230 to activity_logs
Error writing stats to Postgres: Can't get JDBC type for struct<start:timestamp,end:timestamp>.
Successfully wrote batch 2231 to activity_logs
Successfully wrote batch 2232 to activity_logs
Successfully wrote batch 2233 to activity_logs
Error writing stats to Postgres: Can't get JDBC type for struct<start:timestamp,end:timestamp>.
Successfully wrote batch 2234 to activity_logs
Successfully wrote batch 2235 to activity_logs
Successfully wrote batch 2236 to activity_logs
Error writing stats to Postgres: Can't get JDBC type for struct<start:timestamp,end:timestamp>.
Successfully wrote batch 2237 to activity_logs
Successfully wrote batch 2238 to activity_logs
Successfully wrote batch 2239 to activity_logs
Error writing stats to Postgres: Can't get JDBC type for struct<start:timestamp,end:timestamp>.
Successfully wrote batch 2240 to activity_logs
Successfully wrote batch 2241 to activity_logs
Successfully wrote batch 2242 to activity_logs
Error writing stats to Postgres: Can't get JDBC type for struct<start:timestamp,end:timestamp>.
Successfully wrote batch 2243 to activity_logs
Successfully wrote batch 2244 to activity_logs
Successfully wrote batch 2245 to activity_logs
Error writing stats to Postgres: Can't get JDBC type for struct<start:timestamp,end:timestamp>.
Successfully wrote batch 2246 to activity_logs
Successfully wrote batch 2247 to activity_logs
Successfully wrote batch 2248 to activity_logs
Error writing stats to Postgres: Can't get JDBC type for struct<start:timestamp,end:timestamp>.
Successfully wrote batch 2249 to activity_logs
Successfully wrote batch 2250 to activity_logs
Successfully wrote batch 2251 to activity_logs
Error writing stats to Postgres: Can't get JDBC type for struct<start:timestamp,end:timestamp>.
Successfully wrote batch 2252 to activity_logs
Successfully wrote batch 2253 to activity_logs
Successfully wrote batch 2254 to activity_logs
Successfully wrote batch 2255 to activity_logs
Error writing stats to Postgres: Can't get JDBC type for struct<start:timestamp,end:timestamp>.
Successfully wrote batch 2256 to activity_logs
Successfully wrote batch 2257 to activity_logs
Successfully wrote batch 2258 to activity_logs
Error writing stats to Postgres: Can't get JDBC type for struct<start:timestamp,end:timestamp>.
Successfully wrote batch 2259 to activity_logs
Successfully wrote batch 2260 to activity_logs
Successfully wrote batch 2261 to activity_logs
Error writing stats to Postgres: Can't get JDBC type for struct<start:timestamp,end:timestamp>.
Successfully wrote batch 2262 to activity_logs
Successfully wrote batch 2263 to activity_logs
Successfully wrote batch 2264 to activity_logs
Error writing stats to Postgres: Can't get JDBC type for struct<start:timestamp,end:timestamp>.
Successfully wrote batch 2265 to activity_logs
Successfully wrote batch 2266 to activity_logs
Successfully wrote batch 2267 to activity_logs
Error writing stats to Postgres: Can't get JDBC type for struct<start:timestamp,end:timestamp>.
Successfully wrote batch 2268 to activity_logs
Successfully wrote batch 2269 to activity_logs
Successfully wrote batch 2270 to activity_logs
Error writing stats to Postgres: Can't get JDBC type for struct<start:timestamp,end:timestamp>.
Successfully wrote batch 2271 to activity_logs
Successfully wrote batch 2272 to activity_logs
Successfully wrote batch 2273 to activity_logs
Successfully wrote batch 2274 to activity_logs
Error writing stats to Postgres: Can't get JDBC type for struct<start:timestamp,end:timestamp>.
Successfully wrote batch 2275 to activity_logs
Successfully wrote batch 2276 to activity_logs
Successfully wrote batch 2277 to activity_logs
Successfully wrote batch 2278 to activity_logs
Error writing stats to Postgres: Can't get JDBC type for struct<start:timestamp,end:timestamp>.
Successfully wrote batch 2279 to activity_logs
Successfully wrote batch 2280 to activity_logs
Successfully wrote batch 2281 to activity_logs
Error writing stats to Postgres: Can't get JDBC type for struct<start:timestamp,end:timestamp>.
Successfully wrote batch 2282 to activity_logs
Successfully wrote batch 2283 to activity_logs
Successfully wrote batch 2284 to activity_logs
Error writing stats to Postgres: Can't get JDBC type for struct<start:timestamp,end:timestamp>.
Successfully wrote batch 2285 to activity_logs
Successfully wrote batch 2286 to activity_logs
Successfully wrote batch 2287 to activity_logs
Successfully wrote batch 2288 to activity_logs
Error writing stats to Postgres: Can't get JDBC type for struct<start:timestamp,end:timestamp>.
Successfully wrote batch 2289 to activity_logs
Successfully wrote batch 2290 to activity_logs
Successfully wrote batch 2291 to activity_logs
Error writing stats to Postgres: Can't get JDBC type for struct<start:timestamp,end:timestamp>.
Successfully wrote batch 2292 to activity_logs
Successfully wrote batch 2293 to activity_logs
Successfully wrote batch 2294 to activity_logs
Error writing stats to Postgres: Can't get JDBC type for struct<start:timestamp,end:timestamp>.
Successfully wrote batch 2295 to activity_logs
Successfully wrote batch 2296 to activity_logs
Successfully wrote batch 2297 to activity_logs
Error writing stats to Postgres: Can't get JDBC type for struct<start:timestamp,end:timestamp>.
Successfully wrote batch 2298 to activity_logs
Successfully wrote batch 2299 to activity_logs
Successfully wrote batch 2300 to activity_logs
Error writing stats to Postgres: Can't get JDBC type for struct<start:timestamp,end:timestamp>.
Successfully wrote batch 2301 to activity_logs
Successfully wrote batch 2302 to activity_logs
Successfully wrote batch 2303 to activity_logs
Error writing stats to Postgres: Can't get JDBC type for struct<start:timestamp,end:timestamp>.
Successfully wrote batch 2304 to activity_logs
Successfully wrote batch 2305 to activity_logs
Successfully wrote batch 2306 to activity_logs
Error writing stats to Postgres: Can't get JDBC type for struct<start:timestamp,end:timestamp>.
Successfully wrote batch 2307 to activity_logs
Successfully wrote batch 2308 to activity_logs
Successfully wrote batch 2309 to activity_logs
Successfully wrote batch 2310 to activity_logs
Error writing stats to Postgres: Can't get JDBC type for struct<start:timestamp,end:timestamp>.
Successfully wrote batch 2311 to activity_logs
Successfully wrote batch 2312 to activity_logs
Successfully wrote batch 2313 to activity_logs
Error writing stats to Postgres: Can't get JDBC type for struct<start:timestamp,end:timestamp>.
Successfully wrote batch 2314 to activity_logs
Successfully wrote batch 2315 to activity_logs
Successfully wrote batch 2316 to activity_logs
Error writing stats to Postgres: Can't get JDBC type for struct<start:timestamp,end:timestamp>.
Successfully wrote batch 2317 to activity_logs
Successfully wrote batch 2318 to activity_logs
Successfully wrote batch 2319 to activity_logs
Error writing stats to Postgres: Can't get JDBC type for struct<start:timestamp,end:timestamp>.
Successfully wrote batch 2320 to activity_logs
Successfully wrote batch 2321 to activity_logs
Successfully wrote batch 2322 to activity_logs
Error writing stats to Postgres: Can't get JDBC type for struct<start:timestamp,end:timestamp>.
Successfully wrote batch 2323 to activity_logs
Successfully wrote batch 2324 to activity_logs
Successfully wrote batch 2325 to activity_logs
Error writing stats to Postgres: Can't get JDBC type for struct<start:timestamp,end:timestamp>.
Successfully wrote batch 2326 to activity_logs
Successfully wrote batch 2327 to activity_logs
Successfully wrote batch 2328 to activity_logs
Error writing stats to Postgres: Can't get JDBC type for struct<start:timestamp,end:timestamp>.
Successfully wrote batch 2329 to activity_logs
Successfully wrote batch 2330 to activity_logs
Successfully wrote batch 2331 to activity_logs
Error writing stats to Postgres: Can't get JDBC type for struct<start:timestamp,end:timestamp>.
Successfully wrote batch 2332 to activity_logs
Successfully wrote batch 2333 to activity_logs
Successfully wrote batch 2334 to activity_logs
Error writing stats to Postgres: Can't get JDBC type for struct<start:timestamp,end:timestamp>.
Successfully wrote batch 2335 to activity_logs
Successfully wrote batch 2336 to activity_logs
Successfully wrote batch 2337 to activity_logs
Error writing stats to Postgres: Can't get JDBC type for struct<start:timestamp,end:timestamp>.
Successfully wrote batch 2338 to activity_logs
Successfully wrote batch 2339 to activity_logs
Successfully wrote batch 2340 to activity_logs
Error writing stats to Postgres: Can't get JDBC type for struct<start:timestamp,end:timestamp>.
Successfully wrote batch 2341 to activity_logs
Successfully wrote batch 2342 to activity_logs
Successfully wrote batch 2343 to activity_logs
Error writing stats to Postgres: Can't get JDBC type for struct<start:timestamp,end:timestamp>.
Successfully wrote batch 2344 to activity_logs
Successfully wrote batch 2345 to activity_logs
Successfully wrote batch 2346 to activity_logs
Error writing stats to Postgres: Can't get JDBC type for struct<start:timestamp,end:timestamp>.
Successfully wrote batch 2347 to activity_logs
Successfully wrote batch 2348 to activity_logs
Successfully wrote batch 2349 to activity_logs
Error writing stats to Postgres: Can't get JDBC type for struct<start:timestamp,end:timestamp>.
Successfully wrote batch 2350 to activity_logs
Successfully wrote batch 2351 to activity_logs
Successfully wrote batch 2352 to activity_logs
Error writing stats to Postgres: Can't get JDBC type for struct<start:timestamp,end:timestamp>.
Successfully wrote batch 2353 to activity_logs
Successfully wrote batch 2354 to activity_logs
Successfully wrote batch 2355 to activity_logs
Error writing stats to Postgres: Can't get JDBC type for struct<start:timestamp,end:timestamp>.
Successfully wrote batch 2356 to activity_logs
Successfully wrote batch 2357 to activity_logs
Successfully wrote batch 2358 to activity_logs
Error writing stats to Postgres: Can't get JDBC type for struct<start:timestamp,end:timestamp>.
Successfully wrote batch 2359 to activity_logs
Successfully wrote batch 2360 to activity_logs
Successfully wrote batch 2361 to activity_logs
Error writing stats to Postgres: Can't get JDBC type for struct<start:timestamp,end:timestamp>.
Successfully wrote batch 2362 to activity_logs
Successfully wrote batch 2363 to activity_logs
Successfully wrote batch 2364 to activity_logs
Error writing stats to Postgres: Can't get JDBC type for struct<start:timestamp,end:timestamp>.
Successfully wrote batch 2365 to activity_logs
Successfully wrote batch 2366 to activity_logs
Successfully wrote batch 2367 to activity_logs
Error writing stats to Postgres: Can't get JDBC type for struct<start:timestamp,end:timestamp>.
Successfully wrote batch 2368 to activity_logs
Successfully wrote batch 2369 to activity_logs
Successfully wrote batch 2370 to activity_logs
Error writing stats to Postgres: Can't get JDBC type for struct<start:timestamp,end:timestamp>.
Successfully wrote batch 2371 to activity_logs
Successfully wrote batch 2372 to activity_logs
Successfully wrote batch 2373 to activity_logs
Error writing stats to Postgres: Can't get JDBC type for struct<start:timestamp,end:timestamp>.
Successfully wrote batch 2374 to activity_logs
Successfully wrote batch 2375 to activity_logs
Successfully wrote batch 2376 to activity_logs
Error writing stats to Postgres: Can't get JDBC type for struct<start:timestamp,end:timestamp>.
Successfully wrote batch 2377 to activity_logs
Successfully wrote batch 2378 to activity_logs
Successfully wrote batch 2379 to activity_logs
Error writing stats to Postgres: Can't get JDBC type for struct<start:timestamp,end:timestamp>.
Successfully wrote batch 2380 to activity_logs
Successfully wrote batch 2381 to activity_logs
Successfully wrote batch 2382 to activity_logs
Error writing stats to Postgres: Can't get JDBC type for struct<start:timestamp,end:timestamp>.
Successfully wrote batch 2383 to activity_logs
Successfully wrote batch 2384 to activity_logs
Successfully wrote batch 2385 to activity_logs
Error writing stats to Postgres: Can't get JDBC type for struct<start:timestamp,end:timestamp>.
Successfully wrote batch 2386 to activity_logs
Successfully wrote batch 2387 to activity_logs
Successfully wrote batch 2388 to activity_logs
Successfully wrote batch 2389 to activity_logs
Error writing stats to Postgres: Can't get JDBC type for struct<start:timestamp,end:timestamp>.
Successfully wrote batch 2390 to activity_logs
Successfully wrote batch 2391 to activity_logs
Successfully wrote batch 2392 to activity_logs
Error writing stats to Postgres: Can't get JDBC type for struct<start:timestamp,end:timestamp>.
Successfully wrote batch 2393 to activity_logs
Successfully wrote batch 2394 to activity_logs
Successfully wrote batch 2395 to activity_logs
Error writing stats to Postgres: Can't get JDBC type for struct<start:timestamp,end:timestamp>.
Successfully wrote batch 2396 to activity_logs
Successfully wrote batch 2397 to activity_logs
Successfully wrote batch 2398 to activity_logs
Error writing stats to Postgres: Can't get JDBC type for struct<start:timestamp,end:timestamp>.
Successfully wrote batch 2399 to activity_logs
Successfully wrote batch 2400 to activity_logs
Successfully wrote batch 2401 to activity_logs
Error writing stats to Postgres: Can't get JDBC type for struct<start:timestamp,end:timestamp>.
Successfully wrote batch 2402 to activity_logs
Successfully wrote batch 2403 to activity_logs
Successfully wrote batch 2404 to activity_logs
Error writing stats to Postgres: Can't get JDBC type for struct<start:timestamp,end:timestamp>.
Successfully wrote batch 2405 to activity_logs
Successfully wrote batch 2406 to activity_logs
Successfully wrote batch 2407 to activity_logs
Error writing stats to Postgres: Can't get JDBC type for struct<start:timestamp,end:timestamp>.
Successfully wrote batch 2408 to activity_logs
Successfully wrote batch 2409 to activity_logs
Successfully wrote batch 2410 to activity_logs
Error writing stats to Postgres: Can't get JDBC type for struct<start:timestamp,end:timestamp>.
Successfully wrote batch 2411 to activity_logs
Successfully wrote batch 2412 to activity_logs
Successfully wrote batch 2413 to activity_logs
Error writing stats to Postgres: Can't get JDBC type for struct<start:timestamp,end:timestamp>.
Successfully wrote batch 2414 to activity_logs
Successfully wrote batch 2415 to activity_logs
Successfully wrote batch 2416 to activity_logs
Error writing stats to Postgres: Can't get JDBC type for struct<start:timestamp,end:timestamp>.
Successfully wrote batch 2417 to activity_logs
Successfully wrote batch 2418 to activity_logs
Successfully wrote batch 2419 to activity_logs
Error writing stats to Postgres: Can't get JDBC type for struct<start:timestamp,end:timestamp>.
Successfully wrote batch 2420 to activity_logs
Successfully wrote batch 2421 to activity_logs
Successfully wrote batch 2422 to activity_logs
Error writing stats to Postgres: Can't get JDBC type for struct<start:timestamp,end:timestamp>.
Successfully wrote batch 2423 to activity_logs
Successfully wrote batch 2424 to activity_logs
Successfully wrote batch 2425 to activity_logs
Error writing stats to Postgres: Can't get JDBC type for struct<start:timestamp,end:timestamp>.
Successfully wrote batch 2426 to activity_logs
Successfully wrote batch 2427 to activity_logs
Successfully wrote batch 2428 to activity_logs
Error writing stats to Postgres: Can't get JDBC type for struct<start:timestamp,end:timestamp>.
Successfully wrote batch 2429 to activity_logs
Successfully wrote batch 2430 to activity_logs
Successfully wrote batch 2431 to activity_logs
Successfully wrote batch 2432 to activity_logs
Error writing stats to Postgres: Can't get JDBC type for struct<start:timestamp,end:timestamp>.
Successfully wrote batch 2433 to activity_logs
Successfully wrote batch 2434 to activity_logs
Successfully wrote batch 2435 to activity_logs
Error writing stats to Postgres: Can't get JDBC type for struct<start:timestamp,end:timestamp>.
Successfully wrote batch 2436 to activity_logs
Successfully wrote batch 2437 to activity_logs
Successfully wrote batch 2438 to activity_logs
Error writing stats to Postgres: Can't get JDBC type for struct<start:timestamp,end:timestamp>.
Successfully wrote batch 2439 to activity_logs
Successfully wrote batch 2440 to activity_logs
Successfully wrote batch 2441 to activity_logs
Error writing stats to Postgres: Can't get JDBC type for struct<start:timestamp,end:timestamp>.
Successfully wrote batch 2442 to activity_logs
Successfully wrote batch 2443 to activity_logs
Successfully wrote batch 2444 to activity_logs
Error writing stats to Postgres: Can't get JDBC type for struct<start:timestamp,end:timestamp>.
Successfully wrote batch 2445 to activity_logs
Successfully wrote batch 2446 to activity_logs
Successfully wrote batch 2447 to activity_logs
Error writing stats to Postgres: Can't get JDBC type for struct<start:timestamp,end:timestamp>.
Successfully wrote batch 2448 to activity_logs
Successfully wrote batch 2449 to activity_logs
Successfully wrote batch 2450 to activity_logs
Error writing stats to Postgres: Can't get JDBC type for struct<start:timestamp,end:timestamp>.
Successfully wrote batch 2451 to activity_logs
Successfully wrote batch 2452 to activity_logs
Successfully wrote batch 2453 to activity_logs
Error writing stats to Postgres: Can't get JDBC type for struct<start:timestamp,end:timestamp>.
Successfully wrote batch 2454 to activity_logs
Successfully wrote batch 2455 to activity_logs
Successfully wrote batch 2456 to activity_logs
Error writing stats to Postgres: Can't get JDBC type for struct<start:timestamp,end:timestamp>.
Successfully wrote batch 2457 to activity_logs
Successfully wrote batch 2458 to activity_logs
Successfully wrote batch 2459 to activity_logs
Error writing stats to Postgres: Can't get JDBC type for struct<start:timestamp,end:timestamp>.
Successfully wrote batch 2460 to activity_logs
Successfully wrote batch 2461 to activity_logs
Successfully wrote batch 2462 to activity_logs
Error writing stats to Postgres: Can't get JDBC type for struct<start:timestamp,end:timestamp>.
Successfully wrote batch 2463 to activity_logs
Successfully wrote batch 2464 to activity_logs
Successfully wrote batch 2465 to activity_logs
Error writing stats to Postgres: Can't get JDBC type for struct<start:timestamp,end:timestamp>.
Successfully wrote batch 2466 to activity_logs
Successfully wrote batch 2467 to activity_logs
Successfully wrote batch 2468 to activity_logs
Error writing stats to Postgres: Can't get JDBC type for struct<start:timestamp,end:timestamp>.
Successfully wrote batch 2469 to activity_logs
Successfully wrote batch 2470 to activity_logs
Successfully wrote batch 2471 to activity_logs
Error writing stats to Postgres: Can't get JDBC type for struct<start:timestamp,end:timestamp>.
Successfully wrote batch 2472 to activity_logs
Successfully wrote batch 2473 to activity_logs
Successfully wrote batch 2474 to activity_logs
Successfully wrote batch 2475 to activity_logs
Error writing stats to Postgres: Can't get JDBC type for struct<start:timestamp,end:timestamp>.
Successfully wrote batch 2476 to activity_logs
Successfully wrote batch 2477 to activity_logs
Successfully wrote batch 2478 to activity_logs
Error writing stats to Postgres: Can't get JDBC type for struct<start:timestamp,end:timestamp>.
Successfully wrote batch 2479 to activity_logs
Successfully wrote batch 2480 to activity_logs
Successfully wrote batch 2481 to activity_logs
Error writing stats to Postgres: Can't get JDBC type for struct<start:timestamp,end:timestamp>.
Successfully wrote batch 2482 to activity_logs
Successfully wrote batch 2483 to activity_logs
Successfully wrote batch 2484 to activity_logs
Error writing stats to Postgres: Can't get JDBC type for struct<start:timestamp,end:timestamp>.
Successfully wrote batch 2485 to activity_logs
Successfully wrote batch 2486 to activity_logs
Successfully wrote batch 2487 to activity_logs
Error writing stats to Postgres: Can't get JDBC type for struct<start:timestamp,end:timestamp>.
Successfully wrote batch 2488 to activity_logs
Successfully wrote batch 2489 to activity_logs
Successfully wrote batch 2490 to activity_logs
Error writing stats to Postgres: Can't get JDBC type for struct<start:timestamp,end:timestamp>.
Successfully wrote batch 2491 to activity_logs
Successfully wrote batch 2492 to activity_logs
Successfully wrote batch 2493 to activity_logs
Error writing stats to Postgres: Can't get JDBC type for struct<start:timestamp,end:timestamp>.
Successfully wrote batch 2494 to activity_logs
Successfully wrote batch 2495 to activity_logs
Successfully wrote batch 2496 to activity_logs
Error writing stats to Postgres: Can't get JDBC type for struct<start:timestamp,end:timestamp>.
Successfully wrote batch 2497 to activity_logs
Successfully wrote batch 2498 to activity_logs
Successfully wrote batch 2499 to activity_logs
Error writing stats to Postgres: Can't get JDBC type for struct<start:timestamp,end:timestamp>.
Successfully wrote batch 2500 to activity_logs
Successfully wrote batch 2501 to activity_logs
Successfully wrote batch 2502 to activity_logs
Successfully wrote batch 2503 to activity_logs
Error writing stats to Postgres: Can't get JDBC type for struct<start:timestamp,end:timestamp>.
Successfully wrote batch 2504 to activity_logs
Successfully wrote batch 2505 to activity_logs
Successfully wrote batch 2506 to activity_logs
Error writing stats to Postgres: Can't get JDBC type for struct<start:timestamp,end:timestamp>.
Successfully wrote batch 2507 to activity_logs
Successfully wrote batch 2508 to activity_logs
Successfully wrote batch 2509 to activity_logs
Error writing stats to Postgres: Can't get JDBC type for struct<start:timestamp,end:timestamp>.
Successfully wrote batch 2510 to activity_logs
Successfully wrote batch 2511 to activity_logs
Successfully wrote batch 2512 to activity_logs
Error writing stats to Postgres: Can't get JDBC type for struct<start:timestamp,end:timestamp>.
Successfully wrote batch 2513 to activity_logs
Successfully wrote batch 2514 to activity_logs
Successfully wrote batch 2515 to activity_logs
Error writing stats to Postgres: Can't get JDBC type for struct<start:timestamp,end:timestamp>.
Successfully wrote batch 2516 to activity_logs
Successfully wrote batch 2517 to activity_logs
Successfully wrote batch 2518 to activity_logs
Successfully wrote batch 2519 to activity_logs
Error writing stats to Postgres: Can't get JDBC type for struct<start:timestamp,end:timestamp>.
Successfully wrote batch 2520 to activity_logs
Successfully wrote batch 2521 to activity_logs
Successfully wrote batch 2522 to activity_logs
Error writing stats to Postgres: Can't get JDBC type for struct<start:timestamp,end:timestamp>.
Successfully wrote batch 2523 to activity_logs
Successfully wrote batch 2524 to activity_logs
Successfully wrote batch 2525 to activity_logs
Error writing stats to Postgres: Can't get JDBC type for struct<start:timestamp,end:timestamp>.
Successfully wrote batch 2526 to activity_logs
Successfully wrote batch 2527 to activity_logs
Successfully wrote batch 2528 to activity_logs
Successfully wrote batch 2529 to activity_logs
Error writing stats to Postgres: Can't get JDBC type for struct<start:timestamp,end:timestamp>.
Successfully wrote batch 2530 to activity_logs
Successfully wrote batch 2531 to activity_logs
Successfully wrote batch 2532 to activity_logs
Error writing stats to Postgres: Can't get JDBC type for struct<start:timestamp,end:timestamp>.
Successfully wrote batch 2533 to activity_logs
Successfully wrote batch 2534 to activity_logs
Successfully wrote batch 2535 to activity_logs
Successfully wrote batch 2536 to activity_logs
Error writing stats to Postgres: Can't get JDBC type for struct<start:timestamp,end:timestamp>.
Successfully wrote batch 2537 to activity_logs
Successfully wrote batch 2538 to activity_logs
Successfully wrote batch 2539 to activity_logs
Error writing stats to Postgres: Can't get JDBC type for struct<start:timestamp,end:timestamp>.
Successfully wrote batch 2540 to activity_logs
Successfully wrote batch 2541 to activity_logs
Successfully wrote batch 2542 to activity_logs
Error writing stats to Postgres: Can't get JDBC type for struct<start:timestamp,end:timestamp>.
Successfully wrote batch 2543 to activity_logs
Successfully wrote batch 2544 to activity_logs
Successfully wrote batch 2545 to activity_logs
Error writing stats to Postgres: Can't get JDBC type for struct<start:timestamp,end:timestamp>.
Successfully wrote batch 2546 to activity_logs
Successfully wrote batch 2547 to activity_logs
Successfully wrote batch 2548 to activity_logs
Successfully wrote batch 2549 to activity_logs
Error writing stats to Postgres: Can't get JDBC type for struct<start:timestamp,end:timestamp>.
Successfully wrote batch 2550 to activity_logs
Successfully wrote batch 2551 to activity_logs
Successfully wrote batch 2552 to activity_logs
Error writing stats to Postgres: Can't get JDBC type for struct<start:timestamp,end:timestamp>.
Successfully wrote batch 2553 to activity_logs
Successfully wrote batch 2554 to activity_logs
Successfully wrote batch 2555 to activity_logs
Error writing stats to Postgres: Can't get JDBC type for struct<start:timestamp,end:timestamp>.
Successfully wrote batch 2556 to activity_logs
Successfully wrote batch 2557 to activity_logs
Successfully wrote batch 2558 to activity_logs
Error writing stats to Postgres: Can't get JDBC type for struct<start:timestamp,end:timestamp>.
Successfully wrote batch 2559 to activity_logs
Successfully wrote batch 2560 to activity_logs
Successfully wrote batch 2561 to activity_logs
Error writing stats to Postgres: Can't get JDBC type for struct<start:timestamp,end:timestamp>.
Successfully wrote batch 2562 to activity_logs
Successfully wrote batch 2563 to activity_logs
Successfully wrote batch 2564 to activity_logs
Error writing stats to Postgres: Can't get JDBC type for struct<start:timestamp,end:timestamp>.
Successfully wrote batch 2565 to activity_logs
Successfully wrote batch 2566 to activity_logs
Successfully wrote batch 2567 to activity_logs
Error writing stats to Postgres: Can't get JDBC type for struct<start:timestamp,end:timestamp>.
Successfully wrote batch 2568 to activity_logs
Successfully wrote batch 2569 to activity_logs
Successfully wrote batch 2570 to activity_logs
Error writing stats to Postgres: Can't get JDBC type for struct<start:timestamp,end:timestamp>.
Successfully wrote batch 2571 to activity_logs
Successfully wrote batch 2572 to activity_logs
Successfully wrote batch 2573 to activity_logs
Successfully wrote batch 2574 to activity_logs
Error writing stats to Postgres: Can't get JDBC type for struct<start:timestamp,end:timestamp>.
Successfully wrote batch 2575 to activity_logs
Successfully wrote batch 2576 to activity_logs
Successfully wrote batch 2577 to activity_logs
Error writing stats to Postgres: Can't get JDBC type for struct<start:timestamp,end:timestamp>.
Successfully wrote batch 2578 to activity_logs
Successfully wrote batch 2579 to activity_logs
Successfully wrote batch 2580 to activity_logs
Error writing stats to Postgres: Can't get JDBC type for struct<start:timestamp,end:timestamp>.
Successfully wrote batch 2581 to activity_logs
Successfully wrote batch 2582 to activity_logs
Successfully wrote batch 2583 to activity_logs
Successfully wrote batch 2584 to activity_logs
Error writing stats to Postgres: Can't get JDBC type for struct<start:timestamp,end:timestamp>.
Successfully wrote batch 2585 to activity_logs
Successfully wrote batch 2586 to activity_logs
Successfully wrote batch 2587 to activity_logs
Successfully wrote batch 2588 to activity_logs
Error writing stats to Postgres: Can't get JDBC type for struct<start:timestamp,end:timestamp>.
Successfully wrote batch 2589 to activity_logs
Successfully wrote batch 2590 to activity_logs
Successfully wrote batch 2591 to activity_logs
Error writing stats to Postgres: Can't get JDBC type for struct<start:timestamp,end:timestamp>.
Successfully wrote batch 2592 to activity_logs
Successfully wrote batch 2593 to activity_logs
Successfully wrote batch 2594 to activity_logs
Error writing stats to Postgres: Can't get JDBC type for struct<start:timestamp,end:timestamp>.
Successfully wrote batch 2595 to activity_logs
Successfully wrote batch 2596 to activity_logs
Successfully wrote batch 2597 to activity_logs
Error writing stats to Postgres: Can't get JDBC type for struct<start:timestamp,end:timestamp>.
Successfully wrote batch 2598 to activity_logs
Successfully wrote batch 2599 to activity_logs
Successfully wrote batch 2600 to activity_logs
Error writing stats to Postgres: Can't get JDBC type for struct<start:timestamp,end:timestamp>.
Successfully wrote batch 2601 to activity_logs
Successfully wrote batch 2602 to activity_logs
Successfully wrote batch 2603 to activity_logs
Successfully wrote batch 2604 to activity_logs
Error writing stats to Postgres: Can't get JDBC type for struct<start:timestamp,end:timestamp>.
Successfully wrote batch 2605 to activity_logs
Successfully wrote batch 2606 to activity_logs
Successfully wrote batch 2607 to activity_logs
Error writing stats to Postgres: Can't get JDBC type for struct<start:timestamp,end:timestamp>.
Successfully wrote batch 2608 to activity_logs
Successfully wrote batch 2609 to activity_logs
Successfully wrote batch 2610 to activity_logs
Error writing stats to Postgres: Can't get JDBC type for struct<start:timestamp,end:timestamp>.
Successfully wrote batch 2611 to activity_logs
Successfully wrote batch 2612 to activity_logs
Successfully wrote batch 2613 to activity_logs
Successfully wrote batch 2614 to activity_logs
Error writing stats to Postgres: Can't get JDBC type for struct<start:timestamp,end:timestamp>.
Successfully wrote batch 2615 to activity_logs
Successfully wrote batch 2616 to activity_logs
Successfully wrote batch 2617 to activity_logs
Error writing stats to Postgres: Can't get JDBC type for struct<start:timestamp,end:timestamp>.
Successfully wrote batch 2618 to activity_logs
Successfully wrote batch 2619 to activity_logs
Successfully wrote batch 2620 to activity_logs
Error writing stats to Postgres: Can't get JDBC type for struct<start:timestamp,end:timestamp>.
Successfully wrote batch 2621 to activity_logs
Successfully wrote batch 2622 to activity_logs
Successfully wrote batch 2623 to activity_logs
Error writing stats to Postgres: Can't get JDBC type for struct<start:timestamp,end:timestamp>.
Successfully wrote batch 2624 to activity_logs
Successfully wrote batch 2625 to activity_logs
Successfully wrote batch 2626 to activity_logs
Error writing stats to Postgres: Can't get JDBC type for struct<start:timestamp,end:timestamp>.
Successfully wrote batch 2627 to activity_logs
Successfully wrote batch 2628 to activity_logs
Successfully wrote batch 2629 to activity_logs
Successfully wrote batch 2630 to activity_logs
Error writing stats to Postgres: Can't get JDBC type for struct<start:timestamp,end:timestamp>.
Successfully wrote batch 2631 to activity_logs
Successfully wrote batch 2632 to activity_logs
Successfully wrote batch 2633 to activity_logs
Error writing stats to Postgres: Can't get JDBC type for struct<start:timestamp,end:timestamp>.
Successfully wrote batch 2634 to activity_logs
Successfully wrote batch 2635 to activity_logs
Successfully wrote batch 2636 to activity_logs
Error writing stats to Postgres: Can't get JDBC type for struct<start:timestamp,end:timestamp>.
Successfully wrote batch 2637 to activity_logs
Successfully wrote batch 2638 to activity_logs
Successfully wrote batch 2639 to activity_logs
Error writing stats to Postgres: Can't get JDBC type for struct<start:timestamp,end:timestamp>.
Successfully wrote batch 2640 to activity_logs
Successfully wrote batch 2641 to activity_logs
Successfully wrote batch 2642 to activity_logs
Successfully wrote batch 2643 to activity_logs
Error writing stats to Postgres: Can't get JDBC type for struct<start:timestamp,end:timestamp>.
Successfully wrote batch 2644 to activity_logs
Successfully wrote batch 2645 to activity_logs
Successfully wrote batch 2646 to activity_logs
Successfully wrote batch 2647 to activity_logs
Error writing stats to Postgres: Can't get JDBC type for struct<start:timestamp,end:timestamp>.
Successfully wrote batch 2648 to activity_logs
Successfully wrote batch 2649 to activity_logs
Successfully wrote batch 2650 to activity_logs
Error writing stats to Postgres: Can't get JDBC type for struct<start:timestamp,end:timestamp>.
Successfully wrote batch 2651 to activity_logs
Successfully wrote batch 2652 to activity_logs
Successfully wrote batch 2653 to activity_logs
Error writing stats to Postgres: Can't get JDBC type for struct<start:timestamp,end:timestamp>.
Successfully wrote batch 2654 to activity_logs
Successfully wrote batch 2655 to activity_logs
Successfully wrote batch 2656 to activity_logs
Error writing stats to Postgres: Can't get JDBC type for struct<start:timestamp,end:timestamp>.
Successfully wrote batch 2657 to activity_logs
Successfully wrote batch 2658 to activity_logs
Successfully wrote batch 2659 to activity_logs
Error writing stats to Postgres: Can't get JDBC type for struct<start:timestamp,end:timestamp>.
Successfully wrote batch 2660 to activity_logs
Successfully wrote batch 2661 to activity_logs
